",result,table,_time,_measurement,locationid,co2,devEUI,humidity,temperature"
",,0,2023-01-19T11:30:31.581Z,st-1,202,647,70b3d52dd5000244,44.53,20.2"
",,0,2023-01-19T11:40:43.369Z,st-1,202,647,70b3d52dd5000244,44.53,20.2"
",,0,2023-01-19T11:50:59.475Z,st-1,202,645,70b3d52dd5000244,44.53,20.1"
",,0,2023-01-19T12:00:59.417Z,st-1,202,644,70b3d52dd5000244,44.53,20.2"
",,0,2023-01-19T12:11:03.086Z,st-1,202,605,70b3d52dd5000244,44.53,20.2"
",,0,2023-01-19T12:21:06.722Z,st-1,202,633,70b3d52dd5000244,44.53,20.2"
",,0,2023-01-19T12:31:10.391Z,st-1,202,624,70b3d52dd5000244,44.53,20.2"
",,0,2023-01-19T12:41:14.028Z,st-1,202,606,70b3d52dd5000244,44.53,20.2"
",,0,2023-01-19T12:51:17.688Z,st-1,202,608,70b3d52dd5000244,44.53,20.1"
",,0,2023-01-19T13:01:05.353Z,st-1,202,611,70b3d52dd5000244,44.53,20.1"
",,0,2023-01-19T13:11:25.093Z,st-1,202,600,70b3d52dd5000244,44.53,20.1"
",,0,2023-01-19T13:21:12.747Z,st-1,202,605,70b3d52dd5000244,44.53,20.1"
",,0,2023-01-19T13:31:32.575Z,st-1,202,597,70b3d52dd5000244,44.53,20.1"
",,0,2023-01-19T13:41:36.105Z,st-1,202,578,70b3d52dd5000244,44.53,20.2"
",,0,2023-01-19T13:51:39.729Z,st-1,202,599,70b3d52dd5000244,44.53,20.1"
",,0,2023-01-19T14:01:43.473Z,st-1,202,600,70b3d52dd5000244,44.53,20.1"
",,0,2023-01-19T14:11:47.045Z,st-1,202,609,70b3d52dd5000244,44.53,20.1"
",,0,2023-01-19T14:21:35.18Z,st-1,202,561,70b3d52dd5000244,44.53,20.1"
",,0,2023-01-19T14:31:54.345Z,st-1,202,627,70b3d52dd5000244,44.53,20.1"
",,0,2023-01-19T14:41:58.013Z,st-1,202,660,70b3d52dd5000244,44.92,20.1"
",,0,2023-01-19T14:52:01.75Z,st-1,202,618,70b3d52dd5000244,44.53,20.2"
",,0,2023-01-19T15:02:05.325Z,st-1,202,484,70b3d52dd5000244,40.23,20"
",,0,2023-01-19T15:12:08.97Z,st-1,202,584,70b3d52dd5000244,41.41,20"
",,0,2023-01-19T15:22:12.628Z,st-1,202,636,70b3d52dd5000244,42.19,20"
",,0,2023-01-19T15:32:00.268Z,st-1,202,635,70b3d52dd5000244,42.58,20"
",,0,2023-01-19T15:42:20.07Z,st-1,202,710,70b3d52dd5000244,42.97,20.2"
",,0,2023-01-19T15:52:23.697Z,st-1,202,868,70b3d52dd5000244,43.75,20.2"
",,0,2023-01-19T16:02:31.432Z,st-1,202,1028,70b3d52dd5000244,43.75,20.3"
",,0,2023-01-19T16:12:19.026Z,st-1,202,1042,70b3d52dd5000244,44.14,20.4"
",,0,2023-01-19T16:22:38.683Z,st-1,202,1169,70b3d52dd5000244,44.92,20.5"
",,0,2023-01-19T16:32:46.348Z,st-1,202,1212,70b3d52dd5000244,44.92,20.4"
",,0,2023-01-19T16:42:54.003Z,st-1,202,1520,70b3d52dd5000244,46.09,20.5"
",,0,2023-01-19T16:53:01.642Z,st-1,202,1454,70b3d52dd5000244,45.31,20.6"
",,0,2023-01-19T17:03:09.348Z,st-1,202,1454,70b3d52dd5000244,45.31,20.7"
",,0,2023-01-19T17:13:21.013Z,st-1,202,1559,70b3d52dd5000244,45.7,20.8"
",,0,2023-01-19T17:23:24.675Z,st-1,202,1608,70b3d52dd5000244,46.09,20.8"
",,0,2023-01-19T17:33:28.32Z,st-1,202,1641,70b3d52dd5000244,46.09,20.8"
",,0,2023-01-19T17:43:36.133Z,st-1,202,1635,70b3d52dd5000244,45.7,20.8"
",,0,2023-01-19T17:53:12.039Z,st-1,202,1635,70b3d52dd5000244,45.7,20.8"
",,0,2023-01-19T18:03:27.31Z,st-1,202,1578,70b3d52dd5000244,45.7,20.6"
",,0,2023-01-19T18:13:47.431Z,st-1,202,1554,70b3d52dd5000244,45.7,20.6"
",,0,2023-01-19T18:24:07.536Z,st-1,202,1574,70b3d52dd5000244,45.7,20.6"
",,0,2023-01-19T18:34:11.717Z,st-1,202,1546,70b3d52dd5000244,45.7,20.5"
",,0,2023-01-19T18:44:19.31Z,st-1,202,1505,70b3d52dd5000244,45.7,20.6"
",,0,2023-01-19T18:54:26.981Z,st-1,202,1458,70b3d52dd5000244,45.7,20.5"
",,0,2023-01-19T19:04:34.715Z,st-1,202,1470,70b3d52dd5000244,45.7,20.5"
",,0,2023-01-19T19:14:42.309Z,st-1,202,1425,70b3d52dd5000244,45.7,20.4"
",,0,2023-01-19T19:24:46.03Z,st-1,202,1429,70b3d52dd5000244,45.7,20.4"
",,0,2023-01-19T19:34:49.609Z,st-1,202,1394,70b3d52dd5000244,45.7,20.4"
",,0,2023-01-19T19:44:57.422Z,st-1,202,1423,70b3d52dd5000244,45.7,20.3"
",,0,2023-01-19T19:55:05.132Z,st-1,202,1417,70b3d52dd5000244,45.7,20.4"
",,0,2023-01-19T20:05:12.783Z,st-1,202,1356,70b3d52dd5000244,45.7,20.4"
",,0,2023-01-19T20:15:20.364Z,st-1,202,1344,70b3d52dd5000244,45.7,20.4"
",,0,2023-01-19T20:25:28.046Z,st-1,202,1362,70b3d52dd5000244,45.7,20.3"
",,0,2023-01-19T20:35:35.775Z,st-1,202,1291,70b3d52dd5000244,45.7,20.4"
",,0,2023-01-19T20:45:27.364Z,st-1,202,1324,70b3d52dd5000244,45.7,20.3"
",,0,2023-01-19T20:55:51.021Z,st-1,202,1307,70b3d52dd5000244,45.7,20.3"
",,0,2023-01-19T21:05:58.686Z,st-1,202,1299,70b3d52dd5000244,45.7,20.3"
",,0,2023-01-19T21:16:06.511Z,st-1,202,1266,70b3d52dd5000244,45.7,20.3"
",,0,2023-01-19T21:26:14.076Z,st-1,202,1289,70b3d52dd5000244,45.7,20.3"
",,0,2023-01-19T21:36:21.665Z,st-1,202,1234,70b3d52dd5000244,45.7,20.2"
",,0,2023-01-19T21:46:29.557Z,st-1,202,1204,70b3d52dd5000244,45.7,20.3"
",,0,2023-01-19T21:56:37.126Z,st-1,202,1229,70b3d52dd5000244,45.7,20.3"
",,0,2023-01-19T22:06:44.862Z,st-1,202,1212,70b3d52dd5000244,45.7,20.2"
",,0,2023-01-19T22:16:52.442Z,st-1,202,1171,70b3d52dd5000244,45.7,20.2"
",,0,2023-01-19T22:27:00.099Z,st-1,202,1184,70b3d52dd5000244,45.7,20.2"
",,0,2023-01-19T22:37:07.78Z,st-1,202,1184,70b3d52dd5000244,45.7,20.2"
",,0,2023-01-19T22:46:59.51Z,st-1,202,1169,70b3d52dd5000244,45.7,20.2"
",,0,2023-01-19T22:57:23.105Z,st-1,202,1188,70b3d52dd5000244,45.31,20.2"
",,0,2023-01-19T23:07:30.762Z,st-1,202,1165,70b3d52dd5000244,45.7,20.2"
",,0,2023-01-19T23:17:38.428Z,st-1,202,1114,70b3d52dd5000244,45.7,20.2"
",,0,2023-01-19T23:27:46.161Z,st-1,202,1125,70b3d52dd5000244,45.7,20.2"
",,0,2023-01-19T23:37:53.745Z,st-1,202,1104,70b3d52dd5000244,45.31,20.2"
",,0,2023-01-19T23:48:01.563Z,st-1,202,1089,70b3d52dd5000244,45.31,20.1"
",,0,2023-01-19T23:58:09.201Z,st-1,202,1087,70b3d52dd5000244,45.31,20.2"
",,0,2023-01-20T00:08:16.867Z,st-1,202,1080,70b3d52dd5000244,45.31,20.2"
",,0,2023-01-20T00:18:24.524Z,st-1,202,1028,70b3d52dd5000244,45.31,20.2"
",,0,2023-01-20T00:28:00.163Z,st-1,202,1028,70b3d52dd5000244,45.31,20.2"
",,0,2023-01-20T00:38:15.726Z,st-1,202,1035,70b3d52dd5000244,45.31,20.2"
",,0,2023-01-20T00:48:35.821Z,st-1,202,1093,70b3d52dd5000244,45.31,20.2"
",,0,2023-01-20T00:58:55.939Z,st-1,202,1049,70b3d52dd5000244,45.31,20.3"
",,0,2023-01-20T01:09:00.064Z,st-1,202,991,70b3d52dd5000244,45.31,20.2"
",,0,2023-01-20T01:19:07.706Z,st-1,202,1056,70b3d52dd5000244,45.31,20.2"
",,0,2023-01-20T01:29:15.454Z,st-1,202,1051,70b3d52dd5000244,45.31,20.2"
",,0,2023-01-20T01:39:23.098Z,st-1,202,988,70b3d52dd5000244,45.31,20.2"
",,0,2023-01-20T01:49:30.816Z,st-1,202,969,70b3d52dd5000244,45.31,20.1"
",,0,2023-01-20T01:59:34.536Z,st-1,202,981,70b3d52dd5000244,45.31,20.2"
",,0,2023-01-20T02:09:38.133Z,st-1,202,983,70b3d52dd5000244,45.31,20.3"
",,0,2023-01-20T02:19:29.779Z,st-1,202,962,70b3d52dd5000244,45.31,20.2"
",,0,2023-01-20T02:29:53.42Z,st-1,202,959,70b3d52dd5000244,45.31,20.2"
",,0,2023-01-20T02:40:01.103Z,st-1,202,974,70b3d52dd5000244,45.31,20.3"
",,0,2023-01-20T02:50:08.779Z,st-1,202,908,70b3d52dd5000244,45.31,20.2"
",,0,2023-01-20T03:00:16.425Z,st-1,202,899,70b3d52dd5000244,45.31,20.2"
",,0,2023-01-20T03:10:24.107Z,st-1,202,936,70b3d52dd5000244,45.31,20.2"
",,0,2023-01-20T03:20:15.82Z,st-1,202,931,70b3d52dd5000244,45.31,20.2"
",,0,2023-01-20T03:30:39.42Z,st-1,202,931,70b3d52dd5000244,45.31,20.1"
",,0,2023-01-20T03:40:47.155Z,st-1,202,942,70b3d52dd5000244,45.31,20.2"
",,0,2023-01-20T03:50:54.887Z,st-1,202,906,70b3d52dd5000244,45.31,20.1"
",,0,2023-01-20T04:01:02.543Z,st-1,202,875,70b3d52dd5000244,45.31,20.2"
",,0,2023-01-20T04:21:17.888Z,st-1,202,865,70b3d52dd5000244,45.31,20.2"
",,0,2023-01-20T04:31:25.756Z,st-1,202,842,70b3d52dd5000244,45.31,20.1"
",,0,2023-01-20T04:41:13.399Z,st-1,202,849,70b3d52dd5000244,45.31,20.1"
",,0,2023-01-20T05:01:36.723Z,st-1,202,858,70b3d52dd5000244,45.31,20.2"
",,0,2023-01-20T05:11:40.664Z,st-1,202,816,70b3d52dd5000244,45.31,20.2"
",,0,2023-01-20T05:21:44.666Z,st-1,202,847,70b3d52dd5000244,45.31,20.1"
",,0,2023-01-20T05:31:52.541Z,st-1,202,827,70b3d52dd5000244,45.31,20.1"
",,0,2023-01-20T05:41:44.225Z,st-1,202,808,70b3d52dd5000244,45.31,20.1"
",,0,2023-01-20T05:51:47.989Z,st-1,202,832,70b3d52dd5000244,44.92,20.2"
",,0,2023-01-20T06:01:55.843Z,st-1,202,806,70b3d52dd5000244,45.31,20.1"
",,0,2023-01-20T06:12:19.409Z,st-1,202,814,70b3d52dd5000244,45.31,20.1"
",,0,2023-01-20T06:22:26.983Z,st-1,202,792,70b3d52dd5000244,44.92,20.2"
",,0,2023-01-20T06:32:34.554Z,st-1,202,773,70b3d52dd5000244,45.31,20.2"
",,0,2023-01-20T06:42:42.107Z,st-1,202,771,70b3d52dd5000244,44.92,20.1"
",,0,2023-01-20T06:52:49.666Z,st-1,202,786,70b3d52dd5000244,44.92,20.1"
",,0,2023-01-20T07:02:57.223Z,st-1,202,791,70b3d52dd5000244,44.92,20.1"
",,0,2023-01-20T07:13:04.871Z,st-1,202,760,70b3d52dd5000244,45.31,20.2"
",,0,2023-01-20T07:22:40.334Z,st-1,202,760,70b3d52dd5000244,45.31,20.2"
",,0,2023-01-20T07:32:55.788Z,st-1,202,767,70b3d52dd5000244,44.92,20.2"
",,0,2023-01-20T07:43:11.215Z,st-1,202,740,70b3d52dd5000244,44.92,20.2"
",,0,2023-01-20T07:53:27.48Z,st-1,202,726,70b3d52dd5000244,44.92,20.1"
",,0,2023-01-20T08:03:43.315Z,st-1,202,746,70b3d52dd5000244,44.92,20.2"
",,0,2023-01-20T08:13:42.763Z,st-1,202,704,70b3d52dd5000244,44.92,20.2"
",,0,2023-01-20T08:24:02.695Z,st-1,202,703,70b3d52dd5000244,44.92,20.1"
",,0,2023-01-20T08:34:06.711Z,st-1,202,706,70b3d52dd5000244,44.92,20.1"
",,0,2023-01-20T08:44:10.287Z,st-1,202,709,70b3d52dd5000244,44.92,20.1"
",,0,2023-01-20T08:54:15.047Z,st-1,202,662,70b3d52dd5000244,45.31,20.2"
",,0,2023-01-20T09:04:17.691Z,st-1,202,715,70b3d52dd5000244,45.31,20.1"
",,0,2023-01-20T09:14:21.241Z,st-1,202,684,70b3d52dd5000244,45.31,20.1"
",,0,2023-01-20T09:24:24.986Z,st-1,202,689,70b3d52dd5000244,44.92,20.1"
",,0,2023-01-20T09:34:28.564Z,st-1,202,680,70b3d52dd5000244,45.31,20.2"
",,0,2023-01-20T09:44:32.261Z,st-1,202,674,70b3d52dd5000244,45.31,20.2"
",,0,2023-01-20T09:54:36.013Z,st-1,202,684,70b3d52dd5000244,45.31,20.1"
",,0,2023-01-20T10:04:39.644Z,st-1,202,721,70b3d52dd5000244,45.31,20.2"
",,0,2023-01-20T10:14:47.421Z,st-1,202,993,70b3d52dd5000244,45.7,20.2"
",,0,2023-01-20T10:24:50.971Z,st-1,202,1120,70b3d52dd5000244,44.92,20.4"
",,0,2023-01-20T10:34:38.622Z,st-1,202,1109,70b3d52dd5000244,45.7,20.4"
",,0,2023-01-20T10:45:02.281Z,st-1,202,1178,70b3d52dd5000244,46.09,20.5"
",,0,2023-01-20T11:05:01.619Z,st-1,202,1356,70b3d52dd5000244,46.48,20.6"
",,0,2023-01-20T11:15:25.286Z,st-1,202,1392,70b3d52dd5000244,46.48,20.7"
",,0,2023-01-20T11:25:32.964Z,st-1,202,1421,70b3d52dd5000244,46.88,20.6"
",,0,2023-01-20T11:35:40.622Z,st-1,202,1541,70b3d52dd5000244,47.27,20.7"
",,0,2023-01-20T11:45:36.287Z,st-1,202,1600,70b3d52dd5000244,47.27,20.8"
",,0,2023-01-20T11:55:40.087Z,st-1,202,1574,70b3d52dd5000244,47.66,20.8"
",,0,2023-01-20T12:05:59.727Z,st-1,202,1628,70b3d52dd5000244,47.66,20.8"
",,0,2023-01-20T12:16:07.466Z,st-1,202,1757,70b3d52dd5000244,48.05,20.9"
",,0,2023-01-20T12:26:15.051Z,st-1,202,1773,70b3d52dd5000244,47.27,20.9"
",,0,2023-01-20T12:36:06.799Z,st-1,202,1741,70b3d52dd5000244,47.27,20.9"
",,0,2023-01-20T12:46:30.381Z,st-1,202,1707,70b3d52dd5000244,47.27,20.8"
",,0,2023-01-20T12:56:38.118Z,st-1,202,1635,70b3d52dd5000244,47.27,20.7"
",,0,2023-01-20T13:06:45.704Z,st-1,202,1670,70b3d52dd5000244,47.27,20.7"
",,0,2023-01-20T13:16:53.367Z,st-1,202,1621,70b3d52dd5000244,46.88,20.7"
",,0,2023-01-20T13:27:01.046Z,st-1,202,1619,70b3d52dd5000244,46.88,20.6"
",,0,2023-01-20T13:37:08.699Z,st-1,202,1600,70b3d52dd5000244,46.88,20.6"
",,0,2023-01-20T13:47:16.365Z,st-1,202,1552,70b3d52dd5000244,46.88,20.6"
",,0,2023-01-20T13:57:24.184Z,st-1,202,1537,70b3d52dd5000244,46.88,20.5"
",,0,2023-01-20T14:07:31.829Z,st-1,202,1497,70b3d52dd5000244,46.88,20.5"
",,0,2023-01-20T14:17:07.463Z,st-1,202,1497,70b3d52dd5000244,46.88,20.5"
",,0,2023-01-20T14:27:20.777Z,st-1,202,1431,70b3d52dd5000244,46.88,20.5"
",,0,2023-01-20T14:37:36.889Z,st-1,202,1466,70b3d52dd5000244,46.88,20.5"
",,0,2023-01-20T14:47:37.065Z,st-1,202,1425,70b3d52dd5000244,46.48,20.5"
",,0,2023-01-20T14:57:41.108Z,st-1,202,1364,70b3d52dd5000244,46.88,20.5"
",,0,2023-01-20T15:17:49.402Z,st-1,202,1354,70b3d52dd5000244,46.48,20.5"
",,0,2023-01-20T15:27:53.442Z,st-1,202,1324,70b3d52dd5000244,46.48,20.4"
",,0,2023-01-20T15:37:57.54Z,st-1,202,1305,70b3d52dd5000244,46.48,20.4"
",,0,2023-01-20T15:58:05.741Z,st-1,202,1342,70b3d52dd5000244,46.48,20.4"
",,0,2023-01-20T16:07:54.052Z,st-1,202,1232,70b3d52dd5000244,46.48,20.4"
",,0,2023-01-20T16:18:14.234Z,st-1,202,1311,70b3d52dd5000244,46.48,20.3"
",,0,2023-01-20T16:28:22.078Z,st-1,202,1285,70b3d52dd5000244,46.48,20.5"
",,0,2023-01-20T16:38:29.656Z,st-1,202,1215,70b3d52dd5000244,46.48,20.5"
",,0,2023-01-20T16:48:37.283Z,st-1,202,1229,70b3d52dd5000244,46.48,20.4"
",,0,2023-01-20T16:58:44.781Z,st-1,202,1197,70b3d52dd5000244,46.09,20.4"
",,0,2023-01-20T17:08:52.341Z,st-1,202,1184,70b3d52dd5000244,46.09,20.4"
",,0,2023-01-20T17:18:43.879Z,st-1,202,1186,70b3d52dd5000244,46.48,20.4"
",,0,2023-01-20T17:29:07.446Z,st-1,202,1162,70b3d52dd5000244,46.09,20.4"
",,0,2023-01-20T17:39:15.001Z,st-1,202,1131,70b3d52dd5000244,46.09,20.4"
",,0,2023-01-20T17:49:22.589Z,st-1,202,1123,70b3d52dd5000244,46.09,20.3"
",,0,2023-01-20T17:59:30.136Z,st-1,202,1089,70b3d52dd5000244,46.09,20.3"
",,0,2023-01-20T18:09:34.422Z,st-1,202,1047,70b3d52dd5000244,46.09,20.4"
",,0,2023-01-20T18:19:42.392Z,st-1,202,1049,70b3d52dd5000244,46.09,20.3"
",,0,2023-01-20T18:29:49.943Z,st-1,202,1122,70b3d52dd5000244,46.09,20.3"
",,0,2023-01-20T18:39:57.521Z,st-1,202,1067,70b3d52dd5000244,46.09,20.3"
",,0,2023-01-20T18:50:05.058Z,st-1,202,983,70b3d52dd5000244,46.09,20.3"
",,0,2023-01-20T19:00:12.623Z,st-1,202,985,70b3d52dd5000244,46.09,20.3"
",,0,2023-01-20T19:10:20.27Z,st-1,202,1005,70b3d52dd5000244,46.09,20.3"
",,0,2023-01-20T19:20:24.463Z,st-1,202,979,70b3d52dd5000244,46.09,20.3"
",,0,2023-01-20T19:30:28.564Z,st-1,202,1002,70b3d52dd5000244,46.09,20.3"
",,0,2023-01-20T19:40:32.502Z,st-1,202,998,70b3d52dd5000244,46.09,20.3"
",,0,2023-01-20T19:50:36.628Z,st-1,202,1000,70b3d52dd5000244,46.09,20.3"
",,0,2023-01-20T20:00:40.723Z,st-1,202,1021,70b3d52dd5000244,46.09,20.2"
",,0,2023-01-20T20:10:44.998Z,st-1,202,967,70b3d52dd5000244,46.09,20.2"
",,0,2023-01-20T20:20:48.938Z,st-1,202,988,70b3d52dd5000244,46.09,20.3"
",,0,2023-01-20T20:30:53.054Z,st-1,202,957,70b3d52dd5000244,46.09,20.3"
",,0,2023-01-20T20:40:57.231Z,st-1,202,926,70b3d52dd5000244,46.09,20.3"
",,0,2023-01-20T20:51:01.254Z,st-1,202,971,70b3d52dd5000244,46.09,20.3"
",,0,2023-01-20T21:01:05.364Z,st-1,202,952,70b3d52dd5000244,46.09,20.3"
",,0,2023-01-20T21:10:53.464Z,st-1,202,952,70b3d52dd5000244,46.09,20.3"
",,0,2023-01-20T21:21:05.44Z,st-1,202,921,70b3d52dd5000244,46.09,20.2"
",,0,2023-01-20T21:31:21.541Z,st-1,202,921,70b3d52dd5000244,46.09,20.2"
",,0,2023-01-20T21:41:21.638Z,st-1,202,924,70b3d52dd5000244,46.09,20.2"
",,0,2023-01-20T21:51:25.765Z,st-1,202,916,70b3d52dd5000244,46.09,20.3"
",,0,2023-01-20T22:01:29.948Z,st-1,202,883,70b3d52dd5000244,46.09,20.2"
",,0,2023-01-20T22:11:34.166Z,st-1,202,890,70b3d52dd5000244,46.09,20.2"
",,0,2023-01-20T22:21:38.083Z,st-1,202,881,70b3d52dd5000244,45.7,20.2"
",,0,2023-01-20T22:31:42.189Z,st-1,202,885,70b3d52dd5000244,46.09,20.3"
",,0,2023-01-20T22:51:50.489Z,st-1,202,862,70b3d52dd5000244,45.7,20.2"
",,0,2023-01-20T23:01:54.848Z,st-1,202,862,70b3d52dd5000244,45.7,20.2"
",,0,2023-01-20T23:11:58.71Z,st-1,202,858,70b3d52dd5000244,45.7,20.2"
",,0,2023-01-20T23:22:02.736Z,st-1,202,870,70b3d52dd5000244,45.7,20.3"
",,0,2023-01-20T23:32:23.061Z,st-1,202,842,70b3d52dd5000244,45.7,20.2"
",,0,2023-01-20T23:42:26.796Z,st-1,202,855,70b3d52dd5000244,45.7,20.3"
",,0,2023-01-20T23:52:30.381Z,st-1,202,850,70b3d52dd5000244,45.7,20.2"
",,0,2023-01-21T00:02:34.046Z,st-1,202,844,70b3d52dd5000244,45.7,20.3"
",,0,2023-01-21T00:12:37.874Z,st-1,202,840,70b3d52dd5000244,45.7,20.2"
",,0,2023-01-21T00:22:41.445Z,st-1,202,819,70b3d52dd5000244,45.7,20.2"
",,0,2023-01-21T00:32:45.106Z,st-1,202,814,70b3d52dd5000244,45.7,20.1"
",,0,2023-01-21T00:42:48.76Z,st-1,202,823,70b3d52dd5000244,45.7,20.3"
",,0,2023-01-21T00:52:52.419Z,st-1,202,826,70b3d52dd5000244,45.7,20.2"
",,0,2023-01-21T01:02:56.06Z,st-1,202,800,70b3d52dd5000244,45.7,20.3"
",,0,2023-01-21T01:12:59.807Z,st-1,202,837,70b3d52dd5000244,45.7,20.1"
",,0,2023-01-21T01:23:03.625Z,st-1,202,784,70b3d52dd5000244,45.7,20.2"
",,0,2023-01-21T01:33:07.018Z,st-1,202,786,70b3d52dd5000244,45.7,20.3"
",,0,2023-01-21T01:43:10.674Z,st-1,202,789,70b3d52dd5000244,45.7,20.2"
",,0,2023-01-21T01:53:14.715Z,st-1,202,784,70b3d52dd5000244,45.7,20.1"
",,0,2023-01-21T02:03:18.076Z,st-1,202,795,70b3d52dd5000244,45.7,20.2"
",,0,2023-01-21T02:23:25.425Z,st-1,202,773,70b3d52dd5000244,45.7,20.2"
",,0,2023-01-21T02:33:29.077Z,st-1,202,762,70b3d52dd5000244,45.7,20.2"
",,0,2023-01-21T02:43:32.759Z,st-1,202,742,70b3d52dd5000244,45.7,20.1"
",,0,2023-01-21T02:53:36.387Z,st-1,202,781,70b3d52dd5000244,45.7,20.2"
",,0,2023-01-21T03:03:40.046Z,st-1,202,762,70b3d52dd5000244,45.31,20.3"
",,0,2023-01-21T03:13:43.684Z,st-1,202,767,70b3d52dd5000244,45.7,20.1"
",,0,2023-01-21T03:33:51.074Z,st-1,202,704,70b3d52dd5000244,45.31,20.3"
",,0,2023-01-21T03:43:22.947Z,st-1,202,704,70b3d52dd5000244,45.31,20.3"
",,0,2023-01-21T03:53:34.76Z,st-1,202,726,70b3d52dd5000244,45.7,20.1"
",,0,2023-01-21T04:03:50.678Z,st-1,202,745,70b3d52dd5000244,45.7,20.2"
",,0,2023-01-21T04:14:06.891Z,st-1,202,748,70b3d52dd5000244,45.31,20.1"
",,0,2023-01-21T04:23:50.771Z,st-1,202,686,70b3d52dd5000244,45.31,20.2"
",,0,2023-01-21T04:34:22.187Z,st-1,202,712,70b3d52dd5000244,45.31,20.1"
",,0,2023-01-21T04:44:37.596Z,st-1,202,720,70b3d52dd5000244,45.31,20.1"
",,0,2023-01-21T04:54:53.021Z,st-1,202,694,70b3d52dd5000244,45.31,20.1"
",,0,2023-01-21T05:05:12.104Z,st-1,202,660,70b3d52dd5000244,45.31,20.1"
",,0,2023-01-21T05:15:07.9Z,st-1,202,678,70b3d52dd5000244,45.31,20.2"
",,0,2023-01-21T05:25:23.361Z,st-1,202,712,70b3d52dd5000244,45.31,20.2"
",,0,2023-01-21T05:35:54.795Z,st-1,202,700,70b3d52dd5000244,45.31,20.2"
",,0,2023-01-21T05:46:10.239Z,st-1,202,683,70b3d52dd5000244,45.31,20.2"
",,0,2023-01-21T05:56:25.677Z,st-1,202,677,70b3d52dd5000244,45.31,20.2"
",,0,2023-01-21T06:06:41.12Z,st-1,202,694,70b3d52dd5000244,45.31,20.1"
",,0,2023-01-21T06:16:44.941Z,st-1,202,648,70b3d52dd5000244,45.31,20.2"
",,0,2023-01-21T06:26:29.195Z,st-1,202,642,70b3d52dd5000244,45.31,20.2"
",,0,2023-01-21T06:37:00.268Z,st-1,202,675,70b3d52dd5000244,45.31,20.1"
",,0,2023-01-21T06:47:15.62Z,st-1,202,669,70b3d52dd5000244,45.31,20.1"
",,0,2023-01-21T06:57:23.65Z,st-1,202,639,70b3d52dd5000244,45.31,20.2"
",,0,2023-01-21T07:07:27.228Z,st-1,202,612,70b3d52dd5000244,45.31,20.1"
",,0,2023-01-21T07:27:34.518Z,st-1,202,645,70b3d52dd5000244,45.31,20.1"
",,0,2023-01-21T07:37:38.182Z,st-1,202,629,70b3d52dd5000244,44.92,20.2"
",,0,2023-01-21T07:47:41.861Z,st-1,202,592,70b3d52dd5000244,44.92,20.2"
",,0,2023-01-21T08:07:49.165Z,st-1,202,632,70b3d52dd5000244,44.92,20.1"
",,0,2023-01-21T08:17:53.103Z,st-1,202,603,70b3d52dd5000244,44.92,20.1"
",,0,2023-01-21T08:27:57.021Z,st-1,202,618,70b3d52dd5000244,44.92,20.1"
",,0,2023-01-21T08:38:04.981Z,st-1,202,606,70b3d52dd5000244,44.92,20.1"
",,0,2023-01-21T08:48:12.575Z,st-1,202,597,70b3d52dd5000244,44.92,20.2"
",,0,2023-01-21T08:58:20.196Z,st-1,202,570,70b3d52dd5000244,44.92,20.1"
",,0,2023-01-21T09:08:27.786Z,st-1,202,551,70b3d52dd5000244,44.92,20.1"
",,0,2023-01-21T09:18:35.237Z,st-1,202,564,70b3d52dd5000244,44.92,20.2"
",,0,2023-01-21T09:28:42.801Z,st-1,202,592,70b3d52dd5000244,44.92,20.2"
",,0,2023-01-21T09:38:50.358Z,st-1,202,563,70b3d52dd5000244,44.53,20.2"
",,0,2023-01-21T09:48:41.921Z,st-1,202,570,70b3d52dd5000244,44.53,20.2"
",,0,2023-01-21T09:59:05.48Z,st-1,202,563,70b3d52dd5000244,44.92,20.2"
",,0,2023-01-21T10:09:13.134Z,st-1,202,547,70b3d52dd5000244,44.53,20.2"
",,0,2023-01-21T10:19:16.847Z,st-1,202,556,70b3d52dd5000244,44.53,20.1"
",,0,2023-01-21T10:29:24.782Z,st-1,202,560,70b3d52dd5000244,44.53,20.2"
",,0,2023-01-21T10:39:32.408Z,st-1,202,530,70b3d52dd5000244,44.53,20.2"
",,0,2023-01-21T10:49:39.9Z,st-1,202,558,70b3d52dd5000244,44.53,20.2"
",,0,2023-01-21T10:59:31.476Z,st-1,202,547,70b3d52dd5000244,44.53,20.2"
",,0,2023-01-21T11:09:55.425Z,st-1,202,549,70b3d52dd5000244,44.53,20.1"
",,0,2023-01-21T11:20:02.671Z,st-1,202,529,70b3d52dd5000244,44.53,20.1"
",,0,2023-01-21T11:30:10.248Z,st-1,202,547,70b3d52dd5000244,44.53,20.2"
",,0,2023-01-21T11:40:14.176Z,st-1,202,527,70b3d52dd5000244,44.53,20.1"
",,0,2023-01-21T11:50:17.844Z,st-1,202,551,70b3d52dd5000244,44.53,20.1"
",,0,2023-01-21T12:00:21.579Z,st-1,202,539,70b3d52dd5000244,44.53,20.1"
",,0,2023-01-21T12:10:09.156Z,st-1,202,520,70b3d52dd5000244,44.53,20.2"
",,0,2023-01-21T12:20:29.013Z,st-1,202,511,70b3d52dd5000244,44.53,20.2"
",,0,2023-01-21T12:30:32.654Z,st-1,202,485,70b3d52dd5000244,44.53,20.1"
",,0,2023-01-21T12:40:04.24Z,st-1,202,485,70b3d52dd5000244,44.53,20.1"
",,0,2023-01-21T12:50:15.769Z,st-1,202,520,70b3d52dd5000244,44.53,20.1"
",,0,2023-01-21T13:00:31.939Z,st-1,202,505,70b3d52dd5000244,44.53,20.2"
",,0,2023-01-21T13:10:47.975Z,st-1,202,509,70b3d52dd5000244,44.53,20.1"
",,0,2023-01-21T13:20:48.086Z,st-1,202,485,70b3d52dd5000244,44.53,20.1"
",,0,2023-01-21T13:30:35.721Z,st-1,202,533,70b3d52dd5000244,44.53,20.1"
",,0,2023-01-21T13:40:55.381Z,st-1,202,534,70b3d52dd5000244,44.53,20.2"
",,0,2023-01-21T13:50:59.034Z,st-1,202,484,70b3d52dd5000244,44.53,20.1"
",,0,2023-01-21T14:01:02.756Z,st-1,202,513,70b3d52dd5000244,44.14,20.1"
",,0,2023-01-21T14:11:06.734Z,st-1,202,494,70b3d52dd5000244,44.53,20.2"
",,0,2023-01-21T14:20:54.14Z,st-1,202,487,70b3d52dd5000244,44.14,20.2"
",,0,2023-01-21T14:31:13.824Z,st-1,202,466,70b3d52dd5000244,44.53,20.1"
",,0,2023-01-21T14:41:17.419Z,st-1,202,485,70b3d52dd5000244,44.14,20"
",,0,2023-01-21T14:51:21.077Z,st-1,202,495,70b3d52dd5000244,44.14,20.1"
",,0,2023-01-21T15:01:24.72Z,st-1,202,491,70b3d52dd5000244,44.53,20.2"
",,0,2023-01-21T15:11:28.388Z,st-1,202,512,70b3d52dd5000244,44.53,20.1"
",,0,2023-01-21T15:21:32.229Z,st-1,202,489,70b3d52dd5000244,44.53,20.1"
",,0,2023-01-21T15:31:35.676Z,st-1,202,515,70b3d52dd5000244,44.53,20"
",,0,2023-01-21T15:41:23.416Z,st-1,202,498,70b3d52dd5000244,44.53,20.1"
",,0,2023-01-21T15:51:43.072Z,st-1,202,508,70b3d52dd5000244,44.14,20.1"
",,0,2023-01-21T16:01:46.663Z,st-1,202,484,70b3d52dd5000244,44.53,20"
",,0,2023-01-21T16:11:50.392Z,st-1,202,499,70b3d52dd5000244,44.53,20.1"
",,0,2023-01-21T16:21:54.184Z,st-1,202,501,70b3d52dd5000244,44.14,20.1"
",,0,2023-01-21T16:31:42.003Z,st-1,202,498,70b3d52dd5000244,44.14,20.1"
",,0,2023-01-21T16:41:45.4Z,st-1,202,473,70b3d52dd5000244,44.53,20"
",,0,2023-01-21T16:52:05.041Z,st-1,202,499,70b3d52dd5000244,44.14,20"
",,0,2023-01-21T17:02:08.695Z,st-1,202,499,70b3d52dd5000244,44.14,20"
",,0,2023-01-21T17:12:12.361Z,st-1,202,496,70b3d52dd5000244,44.14,20.1"
",,0,2023-01-21T17:22:16.005Z,st-1,202,481,70b3d52dd5000244,44.14,20"
",,0,2023-01-21T17:32:20.749Z,st-1,202,474,70b3d52dd5000244,44.14,20"
",,0,2023-01-21T17:42:07.32Z,st-1,202,470,70b3d52dd5000244,44.14,20"
",,0,2023-01-21T17:52:10.979Z,st-1,202,456,70b3d52dd5000244,44.14,20"
",,0,2023-01-21T18:02:30.641Z,st-1,202,458,70b3d52dd5000244,44.14,20.1"
",,0,2023-01-21T18:12:34.374Z,st-1,202,462,70b3d52dd5000244,43.75,20"
",,0,2023-01-21T18:22:38.081Z,st-1,202,465,70b3d52dd5000244,43.75,20"
",,0,2023-01-21T18:32:41.717Z,st-1,202,455,70b3d52dd5000244,43.75,19.9"
",,0,2023-01-21T18:42:45.378Z,st-1,202,471,70b3d52dd5000244,43.75,20.1"
",,0,2023-01-21T18:52:49.038Z,st-1,202,449,70b3d52dd5000244,43.75,19.9"
",,0,2023-01-21T19:02:52.767Z,st-1,202,470,70b3d52dd5000244,43.75,19.9"
",,0,2023-01-21T19:12:24.314Z,st-1,202,470,70b3d52dd5000244,43.75,19.9"
",,0,2023-01-21T19:22:35.862Z,st-1,202,460,70b3d52dd5000244,43.75,20"
",,0,2023-01-21T19:32:52.032Z,st-1,202,456,70b3d52dd5000244,43.75,20.1"
",,0,2023-01-21T19:43:08.062Z,st-1,202,481,70b3d52dd5000244,43.75,19.9"
",,0,2023-01-21T19:53:08.158Z,st-1,202,440,70b3d52dd5000244,43.75,20"
",,0,2023-01-21T20:02:55.832Z,st-1,202,480,70b3d52dd5000244,43.75,19.9"
",,0,2023-01-21T20:13:15.482Z,st-1,202,456,70b3d52dd5000244,43.36,19.9"
",,0,2023-01-21T20:23:19.26Z,st-1,202,469,70b3d52dd5000244,43.36,20"
",,0,2023-01-21T20:33:22.971Z,st-1,202,487,70b3d52dd5000244,43.75,20"
",,0,2023-01-21T20:43:26.546Z,st-1,202,458,70b3d52dd5000244,43.36,19.9"
",,0,2023-01-21T20:53:31.288Z,st-1,202,437,70b3d52dd5000244,43.36,19.9"
",,0,2023-01-21T21:03:33.926Z,st-1,202,434,70b3d52dd5000244,43.36,20"
",,0,2023-01-21T21:13:37.504Z,st-1,202,469,70b3d52dd5000244,43.36,19.9"
",,0,2023-01-21T21:23:41.177Z,st-1,202,440,70b3d52dd5000244,43.36,20"
",,0,2023-01-21T21:43:48.486Z,st-1,202,463,70b3d52dd5000244,43.36,20"
",,0,2023-01-21T21:53:52.22Z,st-1,202,458,70b3d52dd5000244,43.36,20"
",,0,2023-01-21T22:03:55.784Z,st-1,202,433,70b3d52dd5000244,43.36,20"
",,0,2023-01-21T22:13:59.441Z,st-1,202,482,70b3d52dd5000244,43.36,19.9"
",,0,2023-01-21T22:24:03.308Z,st-1,202,445,70b3d52dd5000244,43.36,20"
",,0,2023-01-21T22:34:06.875Z,st-1,202,477,70b3d52dd5000244,43.36,20"
",,0,2023-01-21T22:44:10.515Z,st-1,202,463,70b3d52dd5000244,43.36,19.9"
",,0,2023-01-21T22:54:14.18Z,st-1,202,458,70b3d52dd5000244,43.36,20"
",,0,2023-01-21T23:04:17.836Z,st-1,202,444,70b3d52dd5000244,43.36,20"
",,0,2023-01-21T23:14:21.579Z,st-1,202,445,70b3d52dd5000244,43.36,20"
",,0,2023-01-21T23:24:25.148Z,st-1,202,438,70b3d52dd5000244,43.36,19.9"
",,0,2023-01-21T23:34:28.781Z,st-1,202,449,70b3d52dd5000244,43.36,20"
",,0,2023-01-21T23:44:32.439Z,st-1,202,423,70b3d52dd5000244,43.36,20"
",,0,2023-01-21T23:54:36.096Z,st-1,202,437,70b3d52dd5000244,43.36,20"
",,0,2023-01-22T00:04:39.758Z,st-1,202,436,70b3d52dd5000244,43.36,20"
",,0,2023-01-22T00:14:27.42Z,st-1,202,436,70b3d52dd5000244,43.36,20"
",,0,2023-01-22T00:24:31.201Z,st-1,202,443,70b3d52dd5000244,43.36,19.9"
",,0,2023-01-22T00:34:34.915Z,st-1,202,443,70b3d52dd5000244,43.36,19.9"
",,0,2023-01-22T00:44:54.564Z,st-1,202,467,70b3d52dd5000244,43.36,20"
",,0,2023-01-22T00:54:58.166Z,st-1,202,465,70b3d52dd5000244,43.36,19.9"
",,0,2023-01-22T01:05:01.904Z,st-1,202,451,70b3d52dd5000244,43.36,19.9"
",,0,2023-01-22T01:15:05.457Z,st-1,202,437,70b3d52dd5000244,43.36,19.9"
",,0,2023-01-22T01:25:09.215Z,st-1,202,430,70b3d52dd5000244,43.36,19.9"
",,0,2023-01-22T01:35:12.779Z,st-1,202,458,70b3d52dd5000244,43.36,19.9"
",,0,2023-01-22T01:44:44.413Z,st-1,202,458,70b3d52dd5000244,43.36,19.9"
",,0,2023-01-22T01:54:55.959Z,st-1,202,440,70b3d52dd5000244,43.36,19.9"
",,0,2023-01-22T02:05:12.04Z,st-1,202,433,70b3d52dd5000244,43.36,20"
",,0,2023-01-22T02:15:28.159Z,st-1,202,459,70b3d52dd5000244,43.36,20"
",,0,2023-01-22T02:25:28.438Z,st-1,202,434,70b3d52dd5000244,43.36,20"
",,0,2023-01-22T02:35:32.074Z,st-1,202,441,70b3d52dd5000244,42.97,19.9"
",,0,2023-01-22T02:45:19.713Z,st-1,202,438,70b3d52dd5000244,43.36,19.8"
",,0,2023-01-22T02:55:39.377Z,st-1,202,454,70b3d52dd5000244,42.97,19.9"
",,0,2023-01-22T03:05:43.05Z,st-1,202,434,70b3d52dd5000244,43.36,19.8"
",,0,2023-01-22T03:25:50.428Z,st-1,202,415,70b3d52dd5000244,42.97,19.9"
",,0,2023-01-22T03:35:54.016Z,st-1,202,441,70b3d52dd5000244,42.97,19.8"
",,0,2023-01-22T03:45:41.748Z,st-1,202,456,70b3d52dd5000244,42.97,19.8"
",,0,2023-01-22T03:56:01.315Z,st-1,202,436,70b3d52dd5000244,42.97,19.9"
",,0,2023-01-22T04:06:05.041Z,st-1,202,481,70b3d52dd5000244,42.97,19.8"
",,0,2023-01-22T04:16:08.65Z,st-1,202,419,70b3d52dd5000244,42.97,19.8"
",,0,2023-01-22T04:26:12.514Z,st-1,202,419,70b3d52dd5000244,42.97,19.9"
",,0,2023-01-22T04:36:16.055Z,st-1,202,438,70b3d52dd5000244,42.97,19.9"
",,0,2023-01-22T04:46:19.721Z,st-1,202,415,70b3d52dd5000244,42.97,19.9"
",,0,2023-01-22T04:56:23.432Z,st-1,202,429,70b3d52dd5000244,42.97,19.9"
",,0,2023-01-22T05:06:27.018Z,st-1,202,414,70b3d52dd5000244,42.97,19.8"
",,0,2023-01-22T05:16:30.682Z,st-1,202,437,70b3d52dd5000244,42.97,19.9"
",,0,2023-01-22T05:26:34.406Z,st-1,202,448,70b3d52dd5000244,42.97,19.9"
",,0,2023-01-22T05:36:37.979Z,st-1,202,437,70b3d52dd5000244,42.97,19.8"
",,0,2023-01-22T05:46:25.636Z,st-1,202,430,70b3d52dd5000244,42.97,19.9"
",,0,2023-01-22T05:56:45.295Z,st-1,202,456,70b3d52dd5000244,42.97,19.8"
",,0,2023-01-22T06:06:48.936Z,st-1,202,425,70b3d52dd5000244,42.97,19.8"
",,0,2023-01-22T06:16:52.707Z,st-1,202,426,70b3d52dd5000244,42.97,19.8"
",,0,2023-01-22T06:26:56.477Z,st-1,202,434,70b3d52dd5000244,42.97,19.8"
",,0,2023-01-22T06:37:00.023Z,st-1,202,429,70b3d52dd5000244,42.97,19.8"
",,0,2023-01-22T06:47:03.843Z,st-1,202,427,70b3d52dd5000244,42.58,19.8"
",,0,2023-01-22T06:57:07.343Z,st-1,202,429,70b3d52dd5000244,42.58,19.8"
",,0,2023-01-22T07:07:11Z,st-1,202,444,70b3d52dd5000244,42.58,19.8"
",,0,2023-01-22T07:17:14.657Z,st-1,202,425,70b3d52dd5000244,42.58,19.8"
",,0,2023-01-22T07:37:21.963Z,st-1,202,416,70b3d52dd5000244,42.58,19.8"
",,0,2023-01-22T07:47:25.601Z,st-1,202,415,70b3d52dd5000244,42.58,19.8"
",,0,2023-01-22T07:57:29.278Z,st-1,202,449,70b3d52dd5000244,42.58,19.8"
",,0,2023-01-22T08:07:33.007Z,st-1,202,441,70b3d52dd5000244,42.58,19.8"
",,0,2023-01-22T08:17:04.554Z,st-1,202,441,70b3d52dd5000244,42.58,19.8"
",,0,2023-01-22T08:27:16.242Z,st-1,202,423,70b3d52dd5000244,42.58,19.8"
",,0,2023-01-22T08:37:32.175Z,st-1,202,432,70b3d52dd5000244,42.19,19.8"
",,0,2023-01-22T08:47:48.245Z,st-1,202,414,70b3d52dd5000244,42.19,19.8"
",,0,2023-01-22T08:57:48.36Z,st-1,202,434,70b3d52dd5000244,42.19,19.8"
",,0,2023-01-22T09:07:52.015Z,st-1,202,412,70b3d52dd5000244,42.19,19.8"
",,0,2023-01-22T09:17:55.675Z,st-1,202,430,70b3d52dd5000244,42.19,19.8"
",,0,2023-01-22T09:27:59.32Z,st-1,202,451,70b3d52dd5000244,42.19,19.8"
",,0,2023-01-22T09:38:02.975Z,st-1,202,427,70b3d52dd5000244,42.19,19.9"
",,0,2023-01-22T09:48:06.615Z,st-1,202,418,70b3d52dd5000244,42.19,19.9"
",,0,2023-01-22T09:58:10.296Z,st-1,202,410,70b3d52dd5000244,42.19,19.8"
",,0,2023-01-22T10:18:01.726Z,st-1,202,430,70b3d52dd5000244,42.19,19.8"
",,0,2023-01-22T10:28:21.561Z,st-1,202,414,70b3d52dd5000244,42.19,19.8"
",,0,2023-01-22T10:38:25.481Z,st-1,202,427,70b3d52dd5000244,42.19,19.8"
",,0,2023-01-22T10:48:33.524Z,st-1,202,408,70b3d52dd5000244,42.19,19.8"
",,0,2023-01-22T10:58:41.005Z,st-1,202,448,70b3d52dd5000244,42.19,19.8"
",,0,2023-01-22T11:08:48.556Z,st-1,202,418,70b3d52dd5000244,42.19,19.9"
",,0,2023-01-22T11:18:56.203Z,st-1,202,400,70b3d52dd5000244,42.19,19.8"
",,0,2023-01-22T11:29:03.751Z,st-1,202,416,70b3d52dd5000244,42.19,19.8"
",,0,2023-01-22T11:38:55.323Z,st-1,202,412,70b3d52dd5000244,41.8,19.8"
",,0,2023-01-22T11:49:18.814Z,st-1,202,432,70b3d52dd5000244,42.19,19.8"
",,0,2023-01-22T11:59:26.38Z,st-1,202,414,70b3d52dd5000244,41.8,19.8"
",,0,2023-01-22T12:09:17.922Z,st-1,202,427,70b3d52dd5000244,41.8,19.9"
",,0,2023-01-22T12:19:25.554Z,st-1,202,432,70b3d52dd5000244,41.8,19.9"
",,0,2023-01-22T12:29:45.362Z,st-1,202,416,70b3d52dd5000244,42.19,19.8"
",,0,2023-01-22T12:39:53.292Z,st-1,202,407,70b3d52dd5000244,42.19,19.9"
",,0,2023-01-22T12:50:00.772Z,st-1,202,414,70b3d52dd5000244,41.8,19.9"
",,0,2023-01-22T13:00:08.342Z,st-1,202,427,70b3d52dd5000244,42.19,19.9"
",,0,2023-01-22T13:10:15.897Z,st-1,202,393,70b3d52dd5000244,42.19,19.8"
",,0,2023-01-22T13:20:23.537Z,st-1,202,419,70b3d52dd5000244,42.19,19.8"
",,0,2023-01-22T13:30:31.015Z,st-1,202,418,70b3d52dd5000244,42.19,19.8"
",,0,2023-01-22T13:40:35.034Z,st-1,202,382,70b3d52dd5000244,42.19,19.9"
",,0,2023-01-22T13:50:22.901Z,st-1,202,394,70b3d52dd5000244,42.19,19.8"
",,0,2023-01-22T14:00:42.566Z,st-1,202,414,70b3d52dd5000244,42.19,19.8"
",,0,2023-01-22T14:10:46.199Z,st-1,202,429,70b3d52dd5000244,42.19,19.8"
",,0,2023-01-22T14:20:49.859Z,st-1,202,423,70b3d52dd5000244,42.19,19.8"
",,0,2023-01-22T14:30:53.735Z,st-1,202,418,70b3d52dd5000244,42.19,19.9"
",,0,2023-01-22T14:40:41.297Z,st-1,202,413,70b3d52dd5000244,42.19,19.9"
",,0,2023-01-22T14:51:00.942Z,st-1,202,399,70b3d52dd5000244,42.19,19.8"
",,0,2023-01-22T15:01:04.685Z,st-1,202,396,70b3d52dd5000244,42.19,19.8"
",,0,2023-01-22T15:10:36.323Z,st-1,202,396,70b3d52dd5000244,42.19,19.8"
",,0,2023-01-22T15:20:47.776Z,st-1,202,413,70b3d52dd5000244,42.19,19.8"
",,0,2023-01-22T15:31:03.884Z,st-1,202,421,70b3d52dd5000244,42.19,19.9"
",,0,2023-01-22T15:41:19.975Z,st-1,202,424,70b3d52dd5000244,42.19,19.8"
",,0,2023-01-22T15:51:20.075Z,st-1,202,410,70b3d52dd5000244,42.19,19.8"
",,0,2023-01-22T16:01:23.807Z,st-1,202,420,70b3d52dd5000244,42.19,19.8"
",,0,2023-01-22T16:11:27.466Z,st-1,202,448,70b3d52dd5000244,42.19,19.8"
",,0,2023-01-22T16:21:31.057Z,st-1,202,415,70b3d52dd5000244,42.19,19.8"
",,0,2023-01-22T16:31:34.905Z,st-1,202,418,70b3d52dd5000244,42.19,19.8"
",,0,2023-01-22T16:41:38.64Z,st-1,202,417,70b3d52dd5000244,42.19,19.7"
",,0,2023-01-22T16:51:42.124Z,st-1,202,424,70b3d52dd5000244,42.19,19.8"
",,0,2023-01-22T17:01:45.851Z,st-1,202,414,70b3d52dd5000244,42.19,19.8"
",,0,2023-01-22T17:11:49.437Z,st-1,202,393,70b3d52dd5000244,42.19,19.8"
",,0,2023-01-22T17:21:53.08Z,st-1,202,424,70b3d52dd5000244,42.19,19.8"
",,0,2023-01-22T17:31:57.026Z,st-1,202,399,70b3d52dd5000244,42.19,19.8"
",,0,2023-01-22T17:42:00.397Z,st-1,202,440,70b3d52dd5000244,42.19,19.7"
",,0,2023-01-22T17:52:04.064Z,st-1,202,422,70b3d52dd5000244,42.19,19.7"
",,0,2023-01-22T18:02:07.783Z,st-1,202,443,70b3d52dd5000244,42.19,19.7"
",,0,2023-01-22T18:12:11.358Z,st-1,202,429,70b3d52dd5000244,42.19,19.8"
",,0,2023-01-22T18:22:15.029Z,st-1,202,410,70b3d52dd5000244,42.19,19.9"
",,0,2023-01-22T18:42:22.442Z,st-1,202,399,70b3d52dd5000244,42.19,19.7"
",,0,2023-01-22T18:52:26.141Z,st-1,202,437,70b3d52dd5000244,42.19,19.8"
",,0,2023-01-22T19:02:29.753Z,st-1,202,426,70b3d52dd5000244,42.19,19.7"
",,0,2023-01-22T19:12:33.398Z,st-1,202,404,70b3d52dd5000244,42.19,19.7"
",,0,2023-01-22T19:22:37.078Z,st-1,202,402,70b3d52dd5000244,42.19,19.8"
",,0,2023-01-22T19:32:40.729Z,st-1,202,422,70b3d52dd5000244,42.19,19.7"
",,0,2023-01-22T19:42:44.374Z,st-1,202,402,70b3d52dd5000244,42.19,19.7"
",,0,2023-01-22T19:52:32.019Z,st-1,202,391,70b3d52dd5000244,42.19,19.7"
",,0,2023-01-22T20:02:51.682Z,st-1,202,415,70b3d52dd5000244,42.19,19.7"
",,0,2023-01-22T20:12:55.425Z,st-1,202,409,70b3d52dd5000244,42.19,19.7"
",,0,2023-01-22T20:22:58.975Z,st-1,202,440,70b3d52dd5000244,42.19,19.7"
",,0,2023-01-23T18:22:53.469Z,st-1,202,821,70b3d52dd5000244,42.19,20"
",,0,2023-01-23T18:33:05.294Z,st-1,202,821,70b3d52dd5000244,42.19,20"
",,0,2023-01-23T18:43:21.381Z,st-1,202,858,70b3d52dd5000244,42.19,20"
",,0,2023-01-23T18:53:21.321Z,st-1,202,849,70b3d52dd5000244,42.58,19.9"
",,0,2023-01-23T19:03:24.954Z,st-1,202,834,70b3d52dd5000244,42.19,20"
",,0,2023-01-23T19:13:28.624Z,st-1,202,837,70b3d52dd5000244,42.58,20"
",,0,2023-01-23T19:23:32.265Z,st-1,202,811,70b3d52dd5000244,42.58,19.9"
",,0,2023-01-23T19:33:35.939Z,st-1,202,837,70b3d52dd5000244,42.58,19.9"
",,0,2023-01-23T19:43:39.579Z,st-1,202,831,70b3d52dd5000244,42.58,20"
",,0,2023-01-23T19:53:43.263Z,st-1,202,811,70b3d52dd5000244,42.58,20"
",,0,2023-01-23T20:03:46.897Z,st-1,202,811,70b3d52dd5000244,42.58,19.9"
",,0,2023-01-23T20:13:34.537Z,st-1,202,765,70b3d52dd5000244,42.58,20"
",,0,2023-01-23T20:23:54.205Z,st-1,202,792,70b3d52dd5000244,42.58,20"
",,0,2023-01-23T20:33:57.981Z,st-1,202,811,70b3d52dd5000244,42.58,20"
",,0,2023-01-23T20:44:01.715Z,st-1,202,810,70b3d52dd5000244,42.58,20"
",,0,2023-01-23T20:54:05.275Z,st-1,202,832,70b3d52dd5000244,42.58,20.1"
",,0,2023-01-23T21:03:53.028Z,st-1,202,811,70b3d52dd5000244,42.58,20"
",,0,2023-01-23T21:14:12.67Z,st-1,202,792,70b3d52dd5000244,42.58,20"
",,0,2023-01-23T21:24:16.259Z,st-1,202,738,70b3d52dd5000244,42.58,20.1"
",,0,2023-01-23T21:34:19.974Z,st-1,202,763,70b3d52dd5000244,42.58,19.9"
",,0,2023-01-23T21:44:23.657Z,st-1,202,776,70b3d52dd5000244,42.97,20"
",,0,2023-01-23T21:54:27.228Z,st-1,202,759,70b3d52dd5000244,42.97,20"
",,0,2023-01-23T22:04:30.877Z,st-1,202,757,70b3d52dd5000244,42.58,20.1"
",,0,2023-01-23T22:14:34.524Z,st-1,202,748,70b3d52dd5000244,42.58,20"
",,0,2023-01-23T22:24:22.254Z,st-1,202,731,70b3d52dd5000244,42.97,20"
",,0,2023-01-23T22:34:41.949Z,st-1,202,745,70b3d52dd5000244,42.97,20"
",,0,2023-01-23T22:44:45.6Z,st-1,202,745,70b3d52dd5000244,42.97,19.9"
",,0,2023-01-23T22:54:49.339Z,st-1,202,731,70b3d52dd5000244,42.97,20"
",,0,2023-01-23T23:04:52.992Z,st-1,202,721,70b3d52dd5000244,42.97,20"
",,0,2023-01-23T23:14:56.555Z,st-1,202,704,70b3d52dd5000244,42.97,20"
",,0,2023-01-23T23:24:44.282Z,st-1,202,735,70b3d52dd5000244,42.97,20"
",,0,2023-01-23T23:45:07.526Z,st-1,202,721,70b3d52dd5000244,42.97,19.9"
",,0,2023-01-23T23:55:11.271Z,st-1,202,704,70b3d52dd5000244,42.97,20"
",,0,2023-01-24T00:05:14.878Z,st-1,202,713,70b3d52dd5000244,42.97,19.9"
",,0,2023-01-24T00:15:18.495Z,st-1,202,734,70b3d52dd5000244,42.97,20"
",,0,2023-01-24T00:25:22.158Z,st-1,202,697,70b3d52dd5000244,42.97,19.9"
",,0,2023-01-24T00:44:57.555Z,st-1,202,686,70b3d52dd5000244,42.97,19.9"
",,0,2023-01-24T00:55:13.098Z,st-1,202,686,70b3d52dd5000244,42.97,20"
",,0,2023-01-24T01:05:25.482Z,st-1,202,674,70b3d52dd5000244,42.97,20"
",,0,2023-01-24T01:15:41.339Z,st-1,202,684,70b3d52dd5000244,42.97,20"
",,0,2023-01-24T01:25:40.759Z,st-1,202,678,70b3d52dd5000244,42.97,19.9"
",,0,2023-01-24T01:36:12.212Z,st-1,202,678,70b3d52dd5000244,42.97,20"
",,0,2023-01-24T01:46:11.734Z,st-1,202,645,70b3d52dd5000244,42.97,20"
",,0,2023-01-24T01:56:46.639Z,st-1,202,669,70b3d52dd5000244,42.97,20"
",,0,2023-01-24T02:06:58.542Z,st-1,202,672,70b3d52dd5000244,42.97,20"
",,0,2023-01-24T02:17:13.982Z,st-1,202,675,70b3d52dd5000244,42.97,20"
",,0,2023-01-24T02:27:13.498Z,st-1,202,660,70b3d52dd5000244,42.97,20"
",,0,2023-01-24T02:37:33.196Z,st-1,202,671,70b3d52dd5000244,42.97,19.9"
",,0,2023-01-24T02:47:33.05Z,st-1,202,686,70b3d52dd5000244,42.97,20"
",,0,2023-01-24T02:57:48.459Z,st-1,202,617,70b3d52dd5000244,42.97,19.9"
",,0,2023-01-24T03:08:03.895Z,st-1,202,644,70b3d52dd5000244,42.97,19.9"
",,0,2023-01-24T03:18:19.352Z,st-1,202,660,70b3d52dd5000244,42.97,20"
",,0,2023-01-24T03:28:34.803Z,st-1,202,653,70b3d52dd5000244,42.97,20"
",,0,2023-01-24T03:38:50.323Z,st-1,202,633,70b3d52dd5000244,42.97,19.9"
",,0,2023-01-24T03:49:05.683Z,st-1,202,618,70b3d52dd5000244,42.97,20"
",,0,2023-01-24T03:59:21.237Z,st-1,202,630,70b3d52dd5000244,42.97,20"
",,0,2023-01-24T04:09:25.129Z,st-1,202,641,70b3d52dd5000244,42.97,20"
",,0,2023-01-24T04:19:29.007Z,st-1,202,609,70b3d52dd5000244,42.97,19.9"
",,0,2023-01-24T04:29:32.66Z,st-1,202,584,70b3d52dd5000244,42.97,19.9"
",,0,2023-01-24T04:39:36.458Z,st-1,202,627,70b3d52dd5000244,42.97,19.9"
",,0,2023-01-24T04:59:43.807Z,st-1,202,612,70b3d52dd5000244,42.97,19.9"
",,0,2023-01-24T05:09:47.395Z,st-1,202,600,70b3d52dd5000244,42.97,19.9"
",,0,2023-01-24T05:19:51.045Z,st-1,202,620,70b3d52dd5000244,42.97,19.9"
",,0,2023-01-24T05:29:54.697Z,st-1,202,609,70b3d52dd5000244,42.97,20"
",,0,2023-01-24T05:39:58.355Z,st-1,202,595,70b3d52dd5000244,42.97,19.9"
",,0,2023-01-24T05:49:46.315Z,st-1,202,595,70b3d52dd5000244,43.36,20"
",,0,2023-01-24T06:00:05.66Z,st-1,202,561,70b3d52dd5000244,42.97,20"
",,0,2023-01-24T06:09:53.401Z,st-1,202,597,70b3d52dd5000244,42.97,20"
",,0,2023-01-24T06:20:13.142Z,st-1,202,592,70b3d52dd5000244,42.97,20"
",,0,2023-01-24T06:30:16.618Z,st-1,202,609,70b3d52dd5000244,42.97,19.9"
",,0,2023-01-24T06:40:20.419Z,st-1,202,554,70b3d52dd5000244,42.97,19.9"
",,0,2023-01-24T06:50:24.134Z,st-1,202,592,70b3d52dd5000244,42.97,20"
",,0,2023-01-24T07:00:27.703Z,st-1,202,609,70b3d52dd5000244,42.97,20"
",,0,2023-01-24T07:10:31.438Z,st-1,202,567,70b3d52dd5000244,42.97,19.9"
",,0,2023-01-24T07:20:35.03Z,st-1,202,571,70b3d52dd5000244,42.97,20"
",,0,2023-01-24T07:40:42.319Z,st-1,202,565,70b3d52dd5000244,42.97,19.9"
",,0,2023-01-24T07:50:47.259Z,st-1,202,583,70b3d52dd5000244,42.97,19.9"
",,0,2023-01-24T08:00:51.208Z,st-1,202,600,70b3d52dd5000244,42.97,20"
",,0,2023-01-24T08:10:43.234Z,st-1,202,550,70b3d52dd5000244,42.97,19.9"
",,0,2023-01-24T08:21:06.718Z,st-1,202,580,70b3d52dd5000244,43.36,20"
",,0,2023-01-24T08:31:14.388Z,st-1,202,557,70b3d52dd5000244,43.36,19.9"
",,0,2023-01-24T08:41:18.102Z,st-1,202,557,70b3d52dd5000244,43.36,19.9"
",,0,2023-01-24T08:51:26.289Z,st-1,202,541,70b3d52dd5000244,43.36,19.9"
",,0,2023-01-24T09:01:33.58Z,st-1,202,556,70b3d52dd5000244,43.36,19.9"
",,0,2023-01-24T09:11:41.249Z,st-1,202,526,70b3d52dd5000244,42.97,19.9"
",,0,2023-01-24T09:21:48.705Z,st-1,202,558,70b3d52dd5000244,42.97,19.9"
",,0,2023-01-24T09:31:40.27Z,st-1,202,530,70b3d52dd5000244,42.97,20"
",,0,2023-01-24T09:41:47.82Z,st-1,202,527,70b3d52dd5000244,43.36,20.1"
",,0,2023-01-24T09:52:11.381Z,st-1,202,541,70b3d52dd5000244,42.97,20"
",,0,2023-01-24T10:01:46.916Z,st-1,202,541,70b3d52dd5000244,42.97,20"
",,0,2023-01-24T10:12:02.379Z,st-1,202,546,70b3d52dd5000244,43.36,20"
",,0,2023-01-24T10:22:17.822Z,st-1,202,530,70b3d52dd5000244,43.36,20.1"
",,0,2023-01-24T10:32:33.264Z,st-1,202,512,70b3d52dd5000244,43.36,20.1"
",,0,2023-01-24T10:42:49.54Z,st-1,202,501,70b3d52dd5000244,43.36,20"
",,0,2023-01-24T10:53:05.366Z,st-1,202,541,70b3d52dd5000244,43.36,20"
",,0,2023-01-24T11:03:09.354Z,st-1,202,536,70b3d52dd5000244,43.36,20"
",,0,2023-01-25T10:53:32.994Z,st-1,202,1177,70b3d52dd5000244,42.58,20.6"
",,0,2023-01-25T11:03:45.159Z,st-1,202,1177,70b3d52dd5000244,42.58,20.6"
",,0,2023-01-25T11:14:01.245Z,st-1,202,1442,70b3d52dd5000244,43.75,20.7"
",,0,2023-01-25T11:24:05.197Z,st-1,202,1632,70b3d52dd5000244,44.92,20.7"
",,0,2023-01-25T11:34:08.939Z,st-1,202,1727,70b3d52dd5000244,45.31,20.9"
",,0,2023-01-25T11:44:12.5Z,st-1,202,1963,70b3d52dd5000244,45.7,21"
",,0,2023-01-25T11:54:20.155Z,st-1,202,2050,70b3d52dd5000244,46.09,21"
",,0,2023-01-25T12:04:27.823Z,st-1,202,1880,70b3d52dd5000244,44.92,21"
",,0,2023-01-25T12:14:39.5Z,st-1,202,932,70b3d52dd5000244,38.67,21.1"
",,0,2023-01-25T12:24:43.158Z,st-1,202,1005,70b3d52dd5000244,37.5,20.9"
",,0,2023-01-25T12:34:30.815Z,st-1,202,1122,70b3d52dd5000244,39.45,20.7"
",,0,2023-01-25T12:44:54.457Z,st-1,202,1264,70b3d52dd5000244,40.62,20.8"
",,0,2023-01-25T12:55:02.155Z,st-1,202,1344,70b3d52dd5000244,41.41,20.7"
",,0,2023-01-25T13:05:09.935Z,st-1,202,1409,70b3d52dd5000244,41.8,20.8"
",,0,2023-01-25T13:25:25.255Z,st-1,202,1468,70b3d52dd5000244,42.58,20.9"
",,0,2023-01-25T13:35:32.92Z,st-1,202,1401,70b3d52dd5000244,42.19,20.8"
",,0,2023-01-25T13:45:28.664Z,st-1,202,1690,70b3d52dd5000244,43.36,20.9"
",,0,2023-01-25T13:55:48.261Z,st-1,202,1856,70b3d52dd5000244,44.53,21"
