telemetry.time,enqueuedTime,telemetry.co2
2022-10-13T10:58:33.0000000,2022-10-13T11:00:29.0000000,814
2022-10-13T10:53:51.0000000,2022-10-13T11:00:29.0000000,821
2022-10-13T10:54:57.0000000,2022-10-13T11:00:29.0000000,830
2022-10-13T10:56:13.0000000,2022-10-13T11:00:29.0000000,822
2022-10-13T10:57:27.0000000,2022-10-13T11:00:29.0000000,837
2022-10-13T10:51:29.0000000,2022-10-13T11:00:29.0000000,797
2022-10-13T10:52:35.0000000,2022-10-13T11:00:29.0000000,814
2022-10-13T10:48:59.0000000,2022-10-13T11:00:28.0000000,816
2022-10-13T10:50:14.0000000,2022-10-13T11:00:29.0000000,825
2022-10-13T10:45:30.0000000,2022-10-13T11:00:28.0000000,810
2022-10-13T10:47:53.0000000,2022-10-13T11:00:28.0000000,822
2022-10-13T10:46:37.0000000,2022-10-13T11:00:28.0000000,814
2022-10-13T10:42:59.0000000,2022-10-13T10:45:28.0000000,822
2022-10-13T10:41:53.0000000,2022-10-13T10:45:28.0000000,828
2022-10-13T10:40:37.0000000,2022-10-13T10:45:28.0000000,828
2022-10-13T10:39:30.0000000,2022-10-13T10:45:28.0000000,843
2022-10-13T10:32:14.0000000,2022-10-13T10:45:27.0000000,810
2022-10-13T10:38:16.0000000,2022-10-13T10:45:28.0000000,801
2022-10-13T10:35:54.0000000,2022-10-13T10:45:27.0000000,853
2022-10-13T10:37:00.0000000,2022-10-13T10:45:27.0000000,823
2022-10-13T10:33:31.0000000,2022-10-13T10:45:27.0000000,827
2022-10-13T10:30:58.0000000,2022-10-13T10:45:27.0000000,795
2022-10-13T10:34:36.0000000,2022-10-13T10:45:27.0000000,846
2022-10-13T10:28:38.0000000,2022-10-13T10:31:38.0000000,803
2022-10-13T10:26:15.0000000,2022-10-13T10:31:38.0000000,780
2022-10-13T10:27:32.0000000,2022-10-13T10:31:38.0000000,805
2022-10-13T10:25:01.0000000,2022-10-13T10:31:38.0000000,777
2022-10-13T10:21:34.0000000,2022-10-13T10:31:38.0000000,754
2022-10-13T10:23:54.0000000,2022-10-13T10:31:38.0000000,775
2022-10-13T10:22:40.0000000,2022-10-13T10:31:38.0000000,769
2022-10-13T10:17:57.0000000,2022-10-13T10:31:37.0000000,767
2022-10-13T10:20:18.0000000,2022-10-13T10:31:38.0000000,755
2022-10-13T10:19:04.0000000,2022-10-13T10:31:38.0000000,737
2022-10-13T10:16:43.0000000,2022-10-13T10:31:37.0000000,775
2022-10-13T10:15:37.0000000,2022-10-13T10:31:37.0000000,775
2022-10-13T09:57:53.0000000,2022-10-13T10:00:45.0000000,767
2022-10-13T09:55:33.0000000,2022-10-13T10:00:45.0000000,780
2022-10-13T09:56:38.0000000,2022-10-13T10:00:45.0000000,764
2022-10-13T09:51:52.0000000,2022-10-13T10:00:45.0000000,773
2022-10-13T09:54:16.0000000,2022-10-13T10:00:45.0000000,753
2022-10-13T09:53:10.0000000,2022-10-13T10:00:45.0000000,764
2022-10-13T09:50:37.0000000,2022-10-13T10:00:45.0000000,767
2022-10-13T09:49:32.0000000,2022-10-13T10:00:45.0000000,762
2022-10-13T09:47:08.0000000,2022-10-13T10:00:44.0000000,762
2022-10-13T09:48:15.0000000,2022-10-13T10:00:44.0000000,766
2022-10-13T09:45:50.0000000,2022-10-13T10:00:44.0000000,773
2022-10-13T09:44:33.0000000,2022-10-13T09:45:39.0000000,778
2022-10-13T09:43:27.0000000,2022-10-13T09:45:39.0000000,754
2022-10-13T09:42:12.0000000,2022-10-13T09:45:39.0000000,755
2022-10-13T09:41:05.0000000,2022-10-13T09:45:39.0000000,753
2022-10-13T09:39:48.0000000,2022-10-13T09:45:39.0000000,784
2022-10-13T09:38:29.0000000,2022-10-13T09:45:39.0000000,737
2022-10-13T09:36:08.0000000,2022-10-13T09:45:39.0000000,738
2022-10-13T09:37:24.0000000,2022-10-13T09:45:39.0000000,728
2022-10-13T09:33:44.0000000,2022-10-13T09:45:39.0000000,727
2022-10-13T09:31:21.0000000,2022-10-13T09:45:38.0000000,758
2022-10-13T09:35:02.0000000,2022-10-13T09:45:39.0000000,732
2022-10-13T09:32:26.0000000,2022-10-13T09:45:39.0000000,747
2022-10-13T09:30:04.0000000,2022-10-13T09:45:38.0000000,751
2022-10-13T09:28:57.0000000,2022-10-13T09:31:29.0000000,740
2022-10-13T09:27:41.0000000,2022-10-13T09:31:29.0000000,742
2022-10-13T09:26:23.0000000,2022-10-13T09:31:29.0000000,747
2022-10-13T09:24:02.0000000,2022-10-13T09:31:29.0000000,733
2022-10-13T09:25:17.0000000,2022-10-13T09:31:29.0000000,715
2022-10-13T09:21:41.0000000,2022-10-13T09:31:28.0000000,716
2022-10-13T09:22:55.0000000,2022-10-13T09:31:28.0000000,722
2022-10-13T09:20:24.0000000,2022-10-13T09:31:28.0000000,738
2022-10-13T09:19:19.0000000,2022-10-13T09:31:28.0000000,744
2022-10-13T09:16:55.0000000,2022-10-13T09:31:28.0000000,729
2022-10-13T09:15:40.0000000,2022-10-13T09:31:28.0000000,731
2022-10-13T09:18:02.0000000,2022-10-13T09:31:28.0000000,740
2022-10-13T08:58:51.0000000,2022-10-13T09:00:35.0000000,736
2022-10-13T08:56:18.0000000,2022-10-13T09:00:35.0000000,701
2022-10-13T08:57:34.0000000,2022-10-13T09:00:35.0000000,691
2022-10-13T08:53:53.0000000,2022-10-13T09:00:35.0000000,714
2022-10-13T08:52:37.0000000,2022-10-13T09:00:35.0000000,688
2022-10-13T08:55:11.0000000,2022-10-13T09:00:35.0000000,705
2022-10-13T08:51:32.0000000,2022-10-13T09:00:35.0000000,693
2022-10-13T08:47:50.0000000,2022-10-13T09:00:35.0000000,707
2022-10-13T08:49:08.0000000,2022-10-13T09:00:35.0000000,711
2022-10-13T08:50:14.0000000,2022-10-13T09:00:35.0000000,698
2022-10-13T08:46:33.0000000,2022-10-13T09:00:35.0000000,674
2022-10-13T08:45:28.0000000,2022-10-13T09:00:35.0000000,697
2022-10-13T08:43:06.0000000,2022-10-13T08:45:20.0000000,704
2022-10-13T08:44:12.0000000,2022-10-13T08:45:20.0000000,707
2022-10-13T08:41:50.0000000,2022-10-13T08:45:20.0000000,711
2022-10-13T08:40:32.0000000,2022-10-13T08:45:20.0000000,695
2022-10-13T08:39:27.0000000,2022-10-13T08:45:20.0000000,696
2022-10-13T08:38:11.0000000,2022-10-13T08:45:20.0000000,718
2022-10-13T08:37:05.0000000,2022-10-13T08:45:20.0000000,707
2022-10-13T08:34:33.0000000,2022-10-13T08:45:20.0000000,695
2022-10-13T08:35:50.0000000,2022-10-13T08:45:20.0000000,702
2022-10-13T08:33:28.0000000,2022-10-13T08:45:20.0000000,691
2022-10-13T08:32:12.0000000,2022-10-13T08:45:20.0000000,709
2022-10-13T08:31:06.0000000,2022-10-13T08:45:20.0000000,673
2022-10-13T08:28:33.0000000,2022-10-13T08:30:30.0000000,698
2022-10-13T08:27:28.0000000,2022-10-13T08:30:30.0000000,659
2022-10-13T08:26:12.0000000,2022-10-13T08:30:30.0000000,673
2022-10-13T08:23:49.0000000,2022-10-13T08:30:30.0000000,698
2022-10-13T08:25:06.0000000,2022-10-13T08:30:30.0000000,656
2022-10-13T08:22:31.0000000,2022-10-13T08:30:30.0000000,709
2022-10-13T08:20:10.0000000,2022-10-13T08:30:30.0000000,659
2022-10-13T08:19:03.0000000,2022-10-13T08:30:30.0000000,638
2022-10-13T08:17:47.0000000,2022-10-13T08:30:30.0000000,659
2022-10-13T08:21:26.0000000,2022-10-13T08:30:30.0000000,683
2022-10-13T08:16:29.0000000,2022-10-13T08:30:30.0000000,642
2022-10-13T08:15:24.0000000,2022-10-13T08:30:30.0000000,646
2022-10-13T07:58:22.0000000,2022-10-13T08:01:37.0000000,620
2022-10-13T07:57:16.0000000,2022-10-13T08:01:37.0000000,623
2022-10-13T07:54:53.0000000,2022-10-13T08:01:37.0000000,638
2022-10-13T07:53:36.0000000,2022-10-13T08:01:37.0000000,644
2022-10-13T07:56:00.0000000,2022-10-13T08:01:37.0000000,630
2022-10-13T07:52:18.0000000,2022-10-13T08:01:37.0000000,646
2022-10-13T07:49:57.0000000,2022-10-13T08:01:37.0000000,651
2022-10-13T07:51:13.0000000,2022-10-13T08:01:37.0000000,657
2022-10-13T07:48:50.0000000,2022-10-13T08:01:37.0000000,631
2022-10-13T07:47:34.0000000,2022-10-13T08:01:37.0000000,611
2022-10-13T07:46:15.0000000,2022-10-13T08:01:37.0000000,581
2022-10-13T07:45:10.0000000,2022-10-13T08:01:36.0000000,581
2022-10-13T07:43:53.0000000,2022-10-13T07:45:29.0000000,594
2022-10-13T07:42:37.0000000,2022-10-13T07:45:29.0000000,582
2022-10-13T07:39:08.0000000,2022-10-13T07:45:28.0000000,546
2022-10-13T07:40:13.0000000,2022-10-13T07:45:28.0000000,567
2022-10-13T07:41:32.0000000,2022-10-13T07:45:28.0000000,569
2022-10-13T07:37:51.0000000,2022-10-13T07:45:28.0000000,566
2022-10-13T07:36:33.0000000,2022-10-13T07:45:28.0000000,559
2022-10-13T07:35:28.0000000,2022-10-13T07:45:28.0000000,561
2022-10-13T07:33:05.0000000,2022-10-13T07:45:28.0000000,580
2022-10-13T07:34:10.0000000,2022-10-13T07:45:28.0000000,563
2022-10-13T07:31:50.0000000,2022-10-13T07:45:28.0000000,553
2022-10-13T07:30:33.0000000,2022-10-13T07:45:27.0000000,551
2022-10-13T07:29:28.0000000,2022-10-13T07:31:58.0000000,546
2022-10-13T07:28:12.0000000,2022-10-13T07:31:58.0000000,566
2022-10-13T07:27:06.0000000,2022-10-13T07:31:58.0000000,554
2022-10-13T07:25:50.0000000,2022-10-13T07:31:58.0000000,550
2022-10-13T07:24:32.0000000,2022-10-13T07:31:58.0000000,546
2022-10-13T07:23:27.0000000,2022-10-13T07:31:58.0000000,553
2022-10-13T07:18:33.0000000,2022-10-13T07:31:57.0000000,539
2022-10-13T07:21:06.0000000,2022-10-13T07:31:57.0000000,532
2022-10-13T07:22:12.0000000,2022-10-13T07:31:57.0000000,543
2022-10-13T07:19:51.0000000,2022-10-13T07:31:57.0000000,549
2022-10-13T07:17:28.0000000,2022-10-13T07:31:57.0000000,538
2022-10-13T07:16:13.0000000,2022-10-13T07:31:57.0000000,547
2022-10-13T07:15:07.0000000,2022-10-13T07:31:57.0000000,549
2022-10-13T06:43:51.0000000,2022-10-13T06:46:42.0000000,492
2022-10-13T06:42:36.0000000,2022-10-13T06:46:42.0000000,490
2022-10-13T06:41:29.0000000,2022-10-13T06:46:42.0000000,488
2022-10-13T06:40:13.0000000,2022-10-13T06:46:42.0000000,482
2022-10-13T06:37:51.0000000,2022-10-13T06:46:41.0000000,475
2022-10-13T06:39:06.0000000,2022-10-13T06:46:41.0000000,484
2022-10-13T06:36:36.0000000,2022-10-13T06:46:41.0000000,487
2022-10-13T06:34:13.0000000,2022-10-13T06:46:41.0000000,472
2022-10-13T06:35:30.0000000,2022-10-13T06:46:41.0000000,487
2022-10-13T06:33:07.0000000,2022-10-13T06:46:41.0000000,487
2022-10-13T06:31:50.0000000,2022-10-13T06:46:40.0000000,486
2022-10-13T06:30:34.0000000,2022-10-13T06:46:40.0000000,482
2022-10-13T05:43:52.0000000,2022-10-13T05:45:25.0000000,444
2022-10-13T05:42:36.0000000,2022-10-13T05:45:25.0000000,461
2022-10-13T05:41:30.0000000,2022-10-13T05:45:25.0000000,447
2022-10-13T05:37:50.0000000,2022-10-13T05:45:24.0000000,447
2022-10-13T05:40:12.0000000,2022-10-13T05:45:24.0000000,447
2022-10-13T05:35:28.0000000,2022-10-13T05:45:24.0000000,457
2022-10-13T05:36:35.0000000,2022-10-13T05:45:24.0000000,450
2022-10-13T05:39:07.0000000,2022-10-13T05:45:24.0000000,452
2022-10-13T05:33:07.0000000,2022-10-13T05:45:24.0000000,450
2022-10-13T05:34:13.0000000,2022-10-13T05:45:24.0000000,448
2022-10-13T05:31:50.0000000,2022-10-13T05:45:24.0000000,441
2022-10-13T05:30:37.0000000,2022-10-13T05:45:24.0000000,441
2022-10-13T05:28:14.0000000,2022-10-13T05:30:24.0000000,455
2022-10-13T05:27:09.0000000,2022-10-13T05:30:24.0000000,449
2022-10-13T05:24:35.0000000,2022-10-13T05:30:24.0000000,456
2022-10-13T05:25:51.0000000,2022-10-13T05:30:24.0000000,435
2022-10-13T05:23:30.0000000,2022-10-13T05:30:24.0000000,438
2022-10-13T05:17:30.0000000,2022-10-13T05:30:24.0000000,441
2022-10-13T05:21:08.0000000,2022-10-13T05:30:24.0000000,441
2022-10-13T05:22:13.0000000,2022-10-13T05:30:24.0000000,459
2022-10-13T05:19:51.0000000,2022-10-13T05:30:24.0000000,441
2022-10-13T05:18:35.0000000,2022-10-13T05:30:24.0000000,449
2022-10-13T05:16:13.0000000,2022-10-13T05:30:23.0000000,456
2022-10-13T05:15:08.0000000,2022-10-13T05:30:23.0000000,442
2022-10-13T05:12:36.0000000,2022-10-13T05:15:27.0000000,447
2022-10-13T05:13:51.0000000,2022-10-13T05:15:27.0000000,447
2022-10-13T05:11:31.0000000,2022-10-13T05:15:27.0000000,444
2022-10-13T05:10:13.0000000,2022-10-13T05:15:27.0000000,442
2022-10-13T05:09:06.0000000,2022-10-13T05:15:27.0000000,434
2022-10-13T05:03:05.0000000,2022-10-13T05:15:27.0000000,452
2022-10-13T05:01:48.0000000,2022-10-13T05:15:27.0000000,448
2022-10-13T05:07:49.0000000,2022-10-13T05:15:27.0000000,445
2022-10-13T05:06:33.0000000,2022-10-13T05:15:27.0000000,436
2022-10-13T05:05:28.0000000,2022-10-13T05:15:27.0000000,447
2022-10-13T05:04:10.0000000,2022-10-13T05:15:27.0000000,434
2022-10-13T05:00:32.0000000,2022-10-13T05:15:27.0000000,448
2022-10-13T04:59:26.0000000,2022-10-13T05:01:45.0000000,441
2022-10-13T04:55:47.0000000,2022-10-13T05:01:45.0000000,441
2022-10-13T04:58:09.0000000,2022-10-13T05:01:45.0000000,442
2022-10-13T04:54:32.0000000,2022-10-13T05:01:45.0000000,441
2022-10-13T04:53:27.0000000,2022-10-13T05:01:45.0000000,433
2022-10-13T04:57:04.0000000,2022-10-13T05:01:45.0000000,446
2022-10-13T04:49:46.0000000,2022-10-13T05:01:45.0000000,448
2022-10-13T04:47:27.0000000,2022-10-13T05:01:44.0000000,440
2022-10-13T04:52:09.0000000,2022-10-13T05:01:45.0000000,448
2022-10-13T04:51:03.0000000,2022-10-13T05:01:45.0000000,441
2022-10-13T04:48:31.0000000,2022-10-13T05:01:45.0000000,450
2022-10-13T04:46:11.0000000,2022-10-13T05:01:44.0000000,446
2022-10-13T04:45:06.0000000,2022-10-13T05:01:44.0000000,442
2022-10-13T04:43:50.0000000,2022-10-13T04:45:38.0000000,445
2022-10-13T04:42:34.0000000,2022-10-13T04:45:38.0000000,436
2022-10-13T04:41:29.0000000,2022-10-13T04:45:38.0000000,452
2022-10-13T04:40:12.0000000,2022-10-13T04:45:38.0000000,448
2022-10-13T04:39:07.0000000,2022-10-13T04:45:38.0000000,437
2022-10-13T04:36:32.0000000,2022-10-13T04:45:38.0000000,446
2022-10-13T04:37:48.0000000,2022-10-13T04:45:38.0000000,434
2022-10-13T04:35:27.0000000,2022-10-13T04:45:38.0000000,441
2022-10-13T04:34:09.0000000,2022-10-13T04:45:38.0000000,445
2022-10-13T04:31:49.0000000,2022-10-13T04:45:38.0000000,442
2022-10-13T04:33:04.0000000,2022-10-13T04:45:38.0000000,447
2022-10-13T04:30:35.0000000,2022-10-13T04:45:38.0000000,457
2022-10-13T04:28:13.0000000,2022-10-13T04:30:41.0000000,433
2022-10-13T04:25:52.0000000,2022-10-13T04:30:41.0000000,452
2022-10-13T04:27:08.0000000,2022-10-13T04:30:41.0000000,437
2022-10-13T04:23:30.0000000,2022-10-13T04:30:41.0000000,452
2022-10-13T04:24:35.0000000,2022-10-13T04:30:41.0000000,453
2022-10-13T04:19:53.0000000,2022-10-13T04:30:40.0000000,441
2022-10-13T04:18:36.0000000,2022-10-13T04:30:40.0000000,436
2022-10-13T04:22:13.0000000,2022-10-13T04:30:41.0000000,444
2022-10-13T04:17:31.0000000,2022-10-13T04:30:40.0000000,468
2022-10-13T04:21:08.0000000,2022-10-13T04:30:40.0000000,447
2022-10-13T04:16:13.0000000,2022-10-13T04:30:40.0000000,445
2022-10-13T04:15:08.0000000,2022-10-13T04:30:40.0000000,448
2022-10-13T04:12:37.0000000,2022-10-13T04:17:27.0000000,449
2022-10-13T04:13:52.0000000,2022-10-13T04:17:27.0000000,448
2022-10-13T04:07:51.0000000,2022-10-13T04:17:27.0000000,440
2022-10-13T04:09:08.0000000,2022-10-13T04:17:27.0000000,434
2022-10-13T04:10:14.0000000,2022-10-13T04:17:27.0000000,452
2022-10-13T04:11:32.0000000,2022-10-13T04:17:27.0000000,440
2022-10-13T04:05:29.0000000,2022-10-13T04:17:27.0000000,440
2022-10-13T04:06:34.0000000,2022-10-13T04:17:27.0000000,442
2022-10-13T04:00:36.0000000,2022-10-13T04:17:26.0000000,449
2022-10-13T04:04:11.0000000,2022-10-13T04:17:26.0000000,450
2022-10-13T04:01:51.0000000,2022-10-13T04:17:26.0000000,444
2022-10-13T04:03:06.0000000,2022-10-13T04:17:26.0000000,448
2022-10-13T03:43:52.0000000,2022-10-13T03:45:20.0000000,446
2022-10-13T03:41:29.0000000,2022-10-13T03:45:19.0000000,441
2022-10-13T03:40:12.0000000,2022-10-13T03:45:19.0000000,442
2022-10-13T03:42:34.0000000,2022-10-13T03:45:19.0000000,456
2022-10-13T03:39:06.0000000,2022-10-13T03:45:19.0000000,442
2022-10-13T03:36:32.0000000,2022-10-13T03:45:19.0000000,441
2022-10-13T03:37:49.0000000,2022-10-13T03:45:19.0000000,449
2022-10-13T03:35:27.0000000,2022-10-13T03:45:19.0000000,436
2022-10-13T03:33:05.0000000,2022-10-13T03:45:19.0000000,452
2022-10-13T03:31:50.0000000,2022-10-13T03:45:19.0000000,438
2022-10-13T03:30:33.0000000,2022-10-13T03:45:19.0000000,444
2022-10-13T03:34:12.0000000,2022-10-13T03:45:19.0000000,452
2022-10-13T03:29:28.0000000,2022-10-13T03:30:23.0000000,452
2022-10-13T03:28:12.0000000,2022-10-13T03:30:23.0000000,437
2022-10-13T03:27:06.0000000,2022-10-13T03:30:23.0000000,445
2022-10-13T03:23:28.0000000,2022-10-13T03:30:22.0000000,447
2022-10-13T03:25:49.0000000,2022-10-13T03:30:22.0000000,453
2022-10-13T03:24:33.0000000,2022-10-13T03:30:22.0000000,448
2022-10-13T03:22:12.0000000,2022-10-13T03:30:22.0000000,445
2022-10-13T03:21:06.0000000,2022-10-13T03:30:22.0000000,449
2022-10-13T03:17:27.0000000,2022-10-13T03:30:22.0000000,445
2022-10-13T03:16:10.0000000,2022-10-13T03:30:22.0000000,447
2022-10-13T03:18:32.0000000,2022-10-13T03:30:22.0000000,441
2022-10-13T03:19:49.0000000,2022-10-13T03:30:22.0000000,446
2022-10-13T03:15:04.0000000,2022-10-13T03:30:22.0000000,452
2022-10-13T03:13:48.0000000,2022-10-13T03:15:23.0000000,446
2022-10-13T03:12:31.0000000,2022-10-13T03:15:23.0000000,456
2022-10-13T03:10:10.0000000,2022-10-13T03:15:23.0000000,444
2022-10-13T03:11:26.0000000,2022-10-13T03:15:23.0000000,448
2022-10-13T03:09:02.0000000,2022-10-13T03:15:23.0000000,445
2022-10-13T03:06:30.0000000,2022-10-13T03:15:23.0000000,450
2022-10-13T03:07:46.0000000,2022-10-13T03:15:23.0000000,449
2022-10-13T03:04:10.0000000,2022-10-13T03:15:23.0000000,432
2022-10-13T03:05:25.0000000,2022-10-13T03:15:23.0000000,446
2022-10-13T03:00:33.0000000,2022-10-13T03:15:23.0000000,453
2022-10-13T03:03:04.0000000,2022-10-13T03:15:23.0000000,438
2022-10-13T03:01:48.0000000,2022-10-13T03:15:23.0000000,445
2022-10-13T02:58:11.0000000,2022-10-13T03:01:54.0000000,441
2022-10-13T02:57:05.0000000,2022-10-13T03:01:54.0000000,446
2022-10-13T02:55:49.0000000,2022-10-13T03:01:54.0000000,445
2022-10-13T02:54:35.0000000,2022-10-13T03:01:54.0000000,438
2022-10-13T02:53:29.0000000,2022-10-13T03:01:54.0000000,449
2022-10-13T02:51:08.0000000,2022-10-13T03:01:54.0000000,442
2022-10-13T02:52:14.0000000,2022-10-13T03:01:54.0000000,452
2022-10-13T02:48:37.0000000,2022-10-13T03:01:54.0000000,450
2022-10-13T02:47:30.0000000,2022-10-13T03:01:54.0000000,441
2022-10-13T02:49:51.0000000,2022-10-13T03:01:54.0000000,452
2022-10-13T02:46:13.0000000,2022-10-13T03:01:54.0000000,447
2022-10-13T02:45:06.0000000,2022-10-13T03:01:54.0000000,442
2022-10-13T02:43:50.0000000,2022-10-13T02:45:25.0000000,437
2022-10-13T02:42:37.0000000,2022-10-13T02:45:25.0000000,449
2022-10-13T02:41:30.0000000,2022-10-13T02:45:25.0000000,446
2022-10-13T02:39:08.0000000,2022-10-13T02:45:24.0000000,455
2022-10-13T02:40:15.0000000,2022-10-13T02:45:24.0000000,453
2022-10-13T02:35:31.0000000,2022-10-13T02:45:24.0000000,457
2022-10-13T02:37:52.0000000,2022-10-13T02:45:24.0000000,456
2022-10-13T02:36:37.0000000,2022-10-13T02:45:24.0000000,449
2022-10-13T02:34:15.0000000,2022-10-13T02:45:24.0000000,467
2022-10-13T02:31:52.0000000,2022-10-13T02:45:24.0000000,441
2022-10-13T02:33:10.0000000,2022-10-13T02:45:24.0000000,452
2022-10-13T02:30:36.0000000,2022-10-13T02:45:24.0000000,450
2022-10-13T02:29:30.0000000,2022-10-13T02:30:36.0000000,438
2022-10-13T02:28:14.0000000,2022-10-13T02:30:36.0000000,456
2022-10-13T02:27:09.0000000,2022-10-13T02:30:36.0000000,448
2022-10-13T02:25:51.0000000,2022-10-13T02:30:36.0000000,460
2022-10-13T02:24:35.0000000,2022-10-13T02:30:36.0000000,448
2022-10-13T02:21:08.0000000,2022-10-13T02:30:36.0000000,459
2022-10-13T02:23:29.0000000,2022-10-13T02:30:36.0000000,426
2022-10-13T02:22:13.0000000,2022-10-13T02:30:36.0000000,447
2022-10-13T02:19:51.0000000,2022-10-13T02:30:36.0000000,447
2022-10-13T02:18:37.0000000,2022-10-13T02:30:36.0000000,445
2022-10-13T02:17:31.0000000,2022-10-13T02:30:36.0000000,442
2022-10-13T02:15:09.0000000,2022-10-13T02:30:35.0000000,460
2022-10-13T02:16:15.0000000,2022-10-13T02:30:36.0000000,449
2022-10-13T01:44:10.0000000,2022-10-13T01:45:22.0000000,436
2022-10-13T01:41:47.0000000,2022-10-13T01:45:22.0000000,452
2022-10-13T01:43:05.0000000,2022-10-13T01:45:22.0000000,447
2022-10-13T01:38:09.0000000,2022-10-13T01:45:22.0000000,438
2022-10-13T01:40:41.0000000,2022-10-13T01:45:22.0000000,459
2022-10-13T01:39:24.0000000,2022-10-13T01:45:22.0000000,450
2022-10-13T01:34:40.0000000,2022-10-13T01:45:22.0000000,471
2022-10-13T01:37:04.0000000,2022-10-13T01:45:22.0000000,437
2022-10-13T01:35:46.0000000,2022-10-13T01:45:22.0000000,448
2022-10-13T01:32:04.0000000,2022-10-13T01:45:22.0000000,460
2022-10-13T01:33:22.0000000,2022-10-13T01:45:22.0000000,464
2022-10-13T01:21:24.0000000,2022-10-13T01:30:23.0000000,447
2022-10-13T01:17:45.0000000,2022-10-13T01:30:23.0000000,452
2022-10-13T01:19:03.0000000,2022-10-13T01:30:23.0000000,459
2022-10-13T01:20:09.0000000,2022-10-13T01:30:23.0000000,455
2022-10-13T01:11:46.0000000,2022-10-13T01:15:27.0000000,444
2022-10-13T01:08:03.0000000,2022-10-13T01:15:27.0000000,452
2022-10-13T01:09:21.0000000,2022-10-13T01:15:27.0000000,452
2022-10-13T01:10:40.0000000,2022-10-13T01:15:27.0000000,463
2022-10-13T01:06:57.0000000,2022-10-13T01:15:27.0000000,449
2022-10-13T01:03:17.0000000,2022-10-13T01:15:26.0000000,464
2022-10-13T01:04:34.0000000,2022-10-13T01:15:26.0000000,460
2022-10-13T01:05:40.0000000,2022-10-13T01:15:26.0000000,466
2022-10-13T01:00:53.0000000,2022-10-13T01:15:26.0000000,457
2022-10-13T01:02:00.0000000,2022-10-13T01:15:26.0000000,450
2022-10-13T00:58:30.0000000,2022-10-13T01:00:34.0000000,445
2022-10-13T00:55:55.0000000,2022-10-13T01:00:33.0000000,450
2022-10-13T00:57:13.0000000,2022-10-13T01:00:33.0000000,466
2022-10-13T00:53:31.0000000,2022-10-13T01:00:33.0000000,459
2022-10-13T00:54:49.0000000,2022-10-13T01:00:33.0000000,461
2022-10-13T00:51:07.0000000,2022-10-13T01:00:33.0000000,449
2022-10-13T00:52:25.0000000,2022-10-13T01:00:33.0000000,463
2022-10-13T00:49:49.0000000,2022-10-13T01:00:33.0000000,470
2022-10-13T00:47:25.0000000,2022-10-13T01:00:33.0000000,459
2022-10-13T00:48:43.0000000,2022-10-13T01:00:33.0000000,466
2022-10-13T00:46:09.0000000,2022-10-13T01:00:33.0000000,463
2022-10-13T00:45:04.0000000,2022-10-13T01:00:33.0000000,457
2022-10-13T00:43:49.0000000,2022-10-13T00:46:35.0000000,453
2022-10-13T00:41:25.0000000,2022-10-13T00:46:35.0000000,468
2022-10-13T00:42:42.0000000,2022-10-13T00:46:35.0000000,463
2022-10-13T00:40:06.0000000,2022-10-13T00:46:34.0000000,441
2022-10-13T00:39:00.0000000,2022-10-13T00:46:34.0000000,457
2022-10-13T00:37:44.0000000,2022-10-13T00:46:34.0000000,452
2022-10-13T00:34:03.0000000,2022-10-13T00:46:34.0000000,470
2022-10-13T00:36:37.0000000,2022-10-13T00:46:34.0000000,466
2022-10-13T00:35:20.0000000,2022-10-13T00:46:34.0000000,466
2022-10-13T00:28:04.0000000,2022-10-13T00:30:37.0000000,463
2022-10-13T00:26:59.0000000,2022-10-13T00:30:37.0000000,471
2022-10-13T00:25:41.0000000,2022-10-13T00:30:37.0000000,467
2022-10-13T00:24:35.0000000,2022-10-13T00:30:37.0000000,461
2022-10-13T00:20:54.0000000,2022-10-13T00:30:37.0000000,470
2022-10-13T00:19:37.0000000,2022-10-13T00:30:37.0000000,483
2022-10-13T00:23:17.0000000,2022-10-13T00:30:37.0000000,483
2022-10-13T00:18:30.0000000,2022-10-13T00:30:37.0000000,459
2022-10-13T00:21:59.0000000,2022-10-13T00:30:37.0000000,458
2022-10-13T00:17:12.0000000,2022-10-13T00:30:37.0000000,479
2022-10-13T00:15:54.0000000,2022-10-13T00:30:37.0000000,484
2022-10-13T00:13:31.0000000,2022-10-13T00:15:32.0000000,484
2022-10-13T00:09:47.0000000,2022-10-13T00:15:32.0000000,482
2022-10-13T00:11:08.0000000,2022-10-13T00:15:32.0000000,471
2022-10-13T00:12:24.0000000,2022-10-13T00:15:32.0000000,480
2022-10-13T00:07:26.0000000,2022-10-13T00:15:32.0000000,475
2022-10-13T00:03:47.0000000,2022-10-13T00:15:31.0000000,479
2022-10-13T00:06:11.0000000,2022-10-13T00:15:32.0000000,468
2022-10-13T00:05:06.0000000,2022-10-13T00:15:32.0000000,463
2022-10-13T00:08:42.0000000,2022-10-13T00:15:32.0000000,463
2022-10-12T23:57:47.0000000,2022-10-13T00:01:24.0000000,474
2022-10-12T23:56:42.0000000,2022-10-13T00:01:24.0000000,480
2022-10-12T23:55:24.0000000,2022-10-13T00:01:24.0000000,476
2022-10-12T23:53:01.0000000,2022-10-13T00:01:24.0000000,494
2022-10-12T23:54:06.0000000,2022-10-13T00:01:24.0000000,494
2022-10-12T23:51:42.0000000,2022-10-13T00:01:24.0000000,480
2022-10-12T23:50:37.0000000,2022-10-13T00:01:24.0000000,482
2022-10-12T23:49:21.0000000,2022-10-13T00:01:24.0000000,472
2022-10-12T23:46:57.0000000,2022-10-13T00:01:24.0000000,489
2022-10-12T23:48:02.0000000,2022-10-13T00:01:24.0000000,486
2022-10-12T23:45:38.0000000,2022-10-13T00:01:23.0000000,502
2022-10-12T23:28:45.0000000,2022-10-12T23:30:53.0000000,484
2022-10-12T23:27:27.0000000,2022-10-12T23:30:53.0000000,490
2022-10-12T23:26:10.0000000,2022-10-12T23:30:53.0000000,479
2022-10-12T23:17:49.0000000,2022-10-12T23:30:53.0000000,489
2022-10-12T23:19:06.0000000,2022-10-12T23:30:53.0000000,494
2022-10-12T23:25:05.0000000,2022-10-12T23:30:53.0000000,482
2022-10-12T23:16:44.0000000,2022-10-12T23:30:53.0000000,479
2022-10-12T23:15:25.0000000,2022-10-12T23:30:53.0000000,484
2022-10-12T23:13:06.0000000,2022-10-12T23:16:11.0000000,471
2022-10-12T23:11:47.0000000,2022-10-12T23:16:11.0000000,475
2022-10-12T23:10:42.0000000,2022-10-12T23:16:11.0000000,488
2022-10-12T23:08:05.0000000,2022-10-12T23:16:06.0000000,486
2022-10-12T23:09:23.0000000,2022-10-12T23:16:07.0000000,484
2022-10-12T23:05:41.0000000,2022-10-12T23:16:06.0000000,498
2022-10-12T23:07:00.0000000,2022-10-12T23:16:06.0000000,468
2022-10-12T23:04:36.0000000,2022-10-12T23:16:06.0000000,486
2022-10-12T23:03:18.0000000,2022-10-12T23:16:06.0000000,502
2022-10-12T23:01:58.0000000,2022-10-12T23:16:06.0000000,489
2022-10-12T22:28:23.0000000,2022-10-12T22:30:20.0000000,515
2022-10-12T22:24:43.0000000,2022-10-12T22:30:20.0000000,502
2022-10-12T22:25:48.0000000,2022-10-12T22:30:20.0000000,495
2022-10-12T22:23:24.0000000,2022-10-12T22:30:20.0000000,480
2022-10-12T22:27:07.0000000,2022-10-12T22:30:20.0000000,503
2022-10-12T22:22:10.0000000,2022-10-12T22:30:20.0000000,494
2022-10-12T22:21:05.0000000,2022-10-12T22:30:20.0000000,482
2022-10-12T22:15:06.0000000,2022-10-12T22:30:20.0000000,515
2022-10-12T22:13:47.0000000,2022-10-12T22:15:22.0000000,517
2022-10-12T22:12:42.0000000,2022-10-12T22:15:22.0000000,498
2022-10-12T22:05:21.0000000,2022-10-12T22:15:22.0000000,504
2022-10-12T22:07:44.0000000,2022-10-12T22:15:22.0000000,514
2022-10-12T22:09:03.0000000,2022-10-12T22:15:22.0000000,486
2022-10-12T22:11:24.0000000,2022-10-12T22:15:22.0000000,483
2022-10-12T22:10:10.0000000,2022-10-12T22:15:22.0000000,497
2022-10-12T22:06:39.0000000,2022-10-12T22:15:22.0000000,510
2022-10-12T22:04:04.0000000,2022-10-12T22:15:22.0000000,496
2022-10-12T21:53:25.0000000,2022-10-12T22:00:58.0000000,491
2022-10-12T21:48:43.0000000,2022-10-12T22:00:58.0000000,492
2022-10-12T21:51:06.0000000,2022-10-12T22:00:58.0000000,497
2022-10-12T21:52:11.0000000,2022-10-12T22:00:58.0000000,490
2022-10-12T21:49:48.0000000,2022-10-12T22:00:58.0000000,515
2022-10-12T21:47:25.0000000,2022-10-12T22:00:58.0000000,492
2022-10-12T21:46:10.0000000,2022-10-12T22:00:58.0000000,496
2022-10-12T21:45:05.0000000,2022-10-12T22:00:58.0000000,496
2022-10-12T21:29:19.0000000,2022-10-12T21:30:26.0000000,482
2022-10-12T21:28:01.0000000,2022-10-12T21:30:26.0000000,476
2022-10-12T21:19:39.0000000,2022-10-12T21:30:26.0000000,487
2022-10-12T21:22:02.0000000,2022-10-12T21:30:26.0000000,468
2022-10-12T21:20:57.0000000,2022-10-12T21:30:26.0000000,475
2022-10-12T21:12:36.0000000,2022-10-12T21:15:26.0000000,480
2022-10-12T21:13:41.0000000,2022-10-12T21:15:26.0000000,474
2022-10-12T21:11:18.0000000,2022-10-12T21:15:26.0000000,464
2022-10-12T21:07:35.0000000,2022-10-12T21:15:26.0000000,468
2022-10-12T21:09:59.0000000,2022-10-12T21:15:26.0000000,460
2022-10-12T21:08:53.0000000,2022-10-12T21:15:26.0000000,487
2022-10-12T21:06:29.0000000,2022-10-12T21:15:26.0000000,472
2022-10-12T21:05:12.0000000,2022-10-12T21:15:25.0000000,484
2022-10-12T21:02:48.0000000,2022-10-12T21:15:25.0000000,463
2022-10-12T21:03:53.0000000,2022-10-12T21:15:25.0000000,472
2022-10-12T21:01:30.0000000,2022-10-12T21:15:25.0000000,467
2022-10-12T21:00:24.0000000,2022-10-12T21:15:25.0000000,470
2022-10-12T20:59:07.0000000,2022-10-12T21:00:27.0000000,468
2022-10-12T20:55:24.0000000,2022-10-12T21:00:27.0000000,480
2022-10-12T20:57:48.0000000,2022-10-12T21:00:27.0000000,474
2022-10-12T20:53:01.0000000,2022-10-12T21:00:27.0000000,475
2022-10-12T20:56:43.0000000,2022-10-12T21:00:27.0000000,470
2022-10-12T20:54:06.0000000,2022-10-12T21:00:27.0000000,464
2022-10-12T20:51:43.0000000,2022-10-12T21:00:27.0000000,475
2022-10-12T20:49:19.0000000,2022-10-12T21:00:27.0000000,475
2022-10-12T20:50:37.0000000,2022-10-12T21:00:27.0000000,475
2022-10-12T20:43:20.0000000,2022-10-12T20:46:18.0000000,475
2022-10-12T20:37:20.0000000,2022-10-12T20:46:18.0000000,457
2022-10-12T20:36:02.0000000,2022-10-12T20:46:18.0000000,460
2022-10-12T20:30:04.0000000,2022-10-12T20:46:18.0000000,450
2022-10-12T20:28:59.0000000,2022-10-12T20:30:28.0000000,467
2022-10-12T20:27:40.0000000,2022-10-12T20:30:28.0000000,459
2022-10-12T20:26:34.0000000,2022-10-12T20:30:28.0000000,452
2022-10-12T20:25:16.0000000,2022-10-12T20:30:28.0000000,458
2022-10-12T20:20:29.0000000,2022-10-12T20:30:27.0000000,468
2022-10-12T20:23:59.0000000,2022-10-12T20:30:28.0000000,459
2022-10-12T20:21:35.0000000,2022-10-12T20:30:27.0000000,453
2022-10-12T20:22:54.0000000,2022-10-12T20:30:27.0000000,459
2022-10-12T20:16:49.0000000,2022-10-12T20:30:27.0000000,463
2022-10-12T20:17:54.0000000,2022-10-12T20:30:27.0000000,456
2022-10-12T20:19:12.0000000,2022-10-12T20:30:27.0000000,458
2022-10-12T20:15:30.0000000,2022-10-12T20:30:27.0000000,472
2022-10-12T20:11:50.0000000,2022-10-12T20:15:29.0000000,472
2022-10-12T20:13:08.0000000,2022-10-12T20:15:29.0000000,464
2022-10-12T20:05:47.0000000,2022-10-12T20:15:28.0000000,466
2022-10-12T20:10:45.0000000,2022-10-12T20:15:29.0000000,472
2022-10-12T20:08:10.0000000,2022-10-12T20:15:28.0000000,467
2022-10-12T20:07:05.0000000,2022-10-12T20:15:28.0000000,452
2022-10-12T20:09:24.0000000,2022-10-12T20:15:28.0000000,453
2022-10-12T20:02:11.0000000,2022-10-12T20:15:28.0000000,460
2022-10-12T20:04:42.0000000,2022-10-12T20:15:28.0000000,475
2022-10-12T20:03:25.0000000,2022-10-12T20:15:28.0000000,479
2022-10-12T20:01:05.0000000,2022-10-12T20:15:28.0000000,463
2022-10-12T19:59:46.0000000,2022-10-12T20:01:38.0000000,463
2022-10-12T19:57:23.0000000,2022-10-12T20:01:38.0000000,457
2022-10-12T19:56:07.0000000,2022-10-12T20:01:38.0000000,482
2022-10-12T19:53:45.0000000,2022-10-12T20:01:38.0000000,470
2022-10-12T19:55:02.0000000,2022-10-12T20:01:38.0000000,468
2022-10-12T19:52:39.0000000,2022-10-12T20:01:38.0000000,475
2022-10-12T19:51:24.0000000,2022-10-12T20:01:38.0000000,492
2022-10-12T19:50:10.0000000,2022-10-12T20:01:38.0000000,475
2022-10-12T19:28:42.0000000,2022-10-12T19:30:35.0000000,491
2022-10-12T19:25:02.0000000,2022-10-12T19:30:35.0000000,487
2022-10-12T19:26:07.0000000,2022-10-12T19:30:35.0000000,494
2022-10-12T19:27:24.0000000,2022-10-12T19:30:35.0000000,475
2022-10-12T19:20:06.0000000,2022-10-12T19:30:35.0000000,505
2022-10-12T19:21:22.0000000,2022-10-12T19:30:35.0000000,495
2022-10-12T19:23:47.0000000,2022-10-12T19:30:35.0000000,492
2022-10-12T19:22:41.0000000,2022-10-12T19:30:35.0000000,489
2022-10-12T19:17:45.0000000,2022-10-12T19:30:35.0000000,515
2022-10-12T19:19:01.0000000,2022-10-12T19:30:35.0000000,495
2022-10-12T19:15:22.0000000,2022-10-12T19:30:35.0000000,495
2022-10-12T19:16:39.0000000,2022-10-12T19:30:35.0000000,498
2022-10-12T19:14:07.0000000,2022-10-12T19:15:37.0000000,499
2022-10-12T19:13:02.0000000,2022-10-12T19:15:37.0000000,506
2022-10-12T19:10:39.0000000,2022-10-12T19:15:37.0000000,488
2022-10-12T19:11:44.0000000,2022-10-12T19:15:37.0000000,494
2022-10-12T19:09:20.0000000,2022-10-12T19:15:37.0000000,522
2022-10-12T19:03:26.0000000,2022-10-12T19:15:37.0000000,498
2022-10-12T19:01:04.0000000,2022-10-12T19:15:37.0000000,492
2022-10-12T19:02:09.0000000,2022-10-12T19:15:37.0000000,494
2022-10-12T18:58:42.0000000,2022-10-12T19:03:28.0000000,497
2022-10-12T18:56:08.0000000,2022-10-12T19:03:28.0000000,503
2022-10-12T18:57:25.0000000,2022-10-12T19:03:28.0000000,495
2022-10-12T18:55:02.0000000,2022-10-12T19:03:28.0000000,496
2022-10-12T18:53:45.0000000,2022-10-12T19:03:28.0000000,492
2022-10-12T18:51:25.0000000,2022-10-12T19:03:28.0000000,505
2022-10-12T18:49:02.0000000,2022-10-12T19:03:28.0000000,505
2022-10-12T18:52:40.0000000,2022-10-12T19:03:28.0000000,499
2022-10-12T18:50:07.0000000,2022-10-12T19:03:28.0000000,496
2022-10-12T18:46:39.0000000,2022-10-12T19:03:28.0000000,503
2022-10-12T18:47:44.0000000,2022-10-12T19:03:28.0000000,517
2022-10-12T18:45:24.0000000,2022-10-12T19:03:28.0000000,507
2022-10-12T18:12:58.0000000,2022-10-12T18:15:34.0000000,546
2022-10-12T18:14:03.0000000,2022-10-12T18:15:34.0000000,540
2022-10-12T18:10:35.0000000,2022-10-12T18:15:34.0000000,542
2022-10-12T18:11:41.0000000,2022-10-12T18:15:34.0000000,532
2022-10-12T18:09:17.0000000,2022-10-12T18:15:34.0000000,554
2022-10-12T18:07:58.0000000,2022-10-12T18:15:34.0000000,554
2022-10-12T18:06:53.0000000,2022-10-12T18:15:34.0000000,547
2022-10-12T18:05:35.0000000,2022-10-12T18:15:33.0000000,560
2022-10-12T18:03:14.0000000,2022-10-12T18:15:33.0000000,555
2022-10-12T18:01:57.0000000,2022-10-12T18:15:33.0000000,543
2022-10-12T18:00:52.0000000,2022-10-12T18:15:33.0000000,547
2022-10-12T17:58:29.0000000,2022-10-12T18:02:01.0000000,591
2022-10-12T17:57:12.0000000,2022-10-12T18:02:01.0000000,582
2022-10-12T17:55:54.0000000,2022-10-12T18:02:00.0000000,571
2022-10-12T17:54:49.0000000,2022-10-12T18:02:00.0000000,570
2022-10-12T17:53:35.0000000,2022-10-12T18:02:00.0000000,576
2022-10-12T17:52:28.0000000,2022-10-12T18:02:00.0000000,582
2022-10-12T17:49:55.0000000,2022-10-12T18:02:00.0000000,579
2022-10-12T17:48:49.0000000,2022-10-12T18:02:00.0000000,591
2022-10-12T17:47:33.0000000,2022-10-12T18:02:00.0000000,600
2022-10-12T17:51:13.0000000,2022-10-12T18:02:00.0000000,583
2022-10-12T17:46:26.0000000,2022-10-12T18:02:00.0000000,617
2022-10-12T17:45:11.0000000,2022-10-12T18:02:00.0000000,609
2022-10-12T17:13:52.0000000,2022-10-12T17:16:33.0000000,636
2022-10-12T17:12:46.0000000,2022-10-12T17:16:33.0000000,631
2022-10-12T17:10:23.0000000,2022-10-12T17:16:33.0000000,631
2022-10-12T17:11:29.0000000,2022-10-12T17:16:33.0000000,629
2022-10-12T17:09:06.0000000,2022-10-12T17:16:33.0000000,620
2022-10-12T17:07:48.0000000,2022-10-12T17:16:33.0000000,653
2022-10-12T17:06:42.0000000,2022-10-12T17:16:33.0000000,641
2022-10-12T17:05:26.0000000,2022-10-12T17:16:33.0000000,641
2022-10-12T17:04:11.0000000,2022-10-12T17:16:32.0000000,621
2022-10-12T17:03:06.0000000,2022-10-12T17:16:32.0000000,652
2022-10-12T17:01:48.0000000,2022-10-12T17:16:32.0000000,637
2022-10-12T17:00:42.0000000,2022-10-12T17:16:32.0000000,646
2022-10-12T16:13:26.0000000,2022-10-12T16:15:30.0000000,738
2022-10-12T16:11:05.0000000,2022-10-12T16:15:30.0000000,732
2022-10-12T16:12:11.0000000,2022-10-12T16:15:30.0000000,741
2022-10-12T16:09:47.0000000,2022-10-12T16:15:30.0000000,759
2022-10-12T16:08:41.0000000,2022-10-12T16:15:30.0000000,749
2022-10-12T16:07:25.0000000,2022-10-12T16:15:30.0000000,751
2022-10-12T16:05:05.0000000,2022-10-12T16:15:30.0000000,782
2022-10-12T16:06:10.0000000,2022-10-12T16:15:30.0000000,772
2022-10-12T16:02:41.0000000,2022-10-12T16:15:29.0000000,753
2022-10-12T16:01:25.0000000,2022-10-12T16:15:29.0000000,792
2022-10-12T16:03:47.0000000,2022-10-12T16:15:30.0000000,764
2022-10-12T16:00:08.0000000,2022-10-12T16:15:29.0000000,776
2022-10-12T15:59:03.0000000,2022-10-12T16:01:17.0000000,796
2022-10-12T15:57:46.0000000,2022-10-12T16:01:17.0000000,777
2022-10-12T15:56:40.0000000,2022-10-12T16:01:16.0000000,773
2022-10-12T15:55:24.0000000,2022-10-12T16:01:16.0000000,775
2022-10-12T15:54:07.0000000,2022-10-12T16:01:16.0000000,778
2022-10-12T15:53:02.0000000,2022-10-12T16:01:16.0000000,797
2022-10-12T15:51:44.0000000,2022-10-12T16:01:16.0000000,778
2022-10-12T15:50:38.0000000,2022-10-12T16:01:16.0000000,784
2022-10-12T15:49:23.0000000,2022-10-12T16:01:16.0000000,791
2022-10-12T15:14:42.0000000,2022-10-12T15:15:38.0000000,796
2022-10-12T15:13:25.0000000,2022-10-12T15:15:38.0000000,808
2022-10-12T15:11:05.0000000,2022-10-12T15:15:38.0000000,818
2022-10-12T15:12:10.0000000,2022-10-12T15:15:38.0000000,821
2022-10-12T15:09:49.0000000,2022-10-12T15:15:38.0000000,807
2022-10-12T15:08:41.0000000,2022-10-12T15:15:38.0000000,836
2022-10-12T15:07:24.0000000,2022-10-12T15:15:38.0000000,818
2022-10-12T15:06:09.0000000,2022-10-12T15:15:37.0000000,840
2022-10-12T15:05:04.0000000,2022-10-12T15:15:37.0000000,816
2022-10-12T15:03:49.0000000,2022-10-12T15:15:37.0000000,821
2022-10-12T15:02:43.0000000,2022-10-12T15:15:37.0000000,839
2022-10-12T15:01:26.0000000,2022-10-12T15:15:37.0000000,849
2022-10-12T15:00:10.0000000,2022-10-12T15:15:37.0000000,850
2022-10-12T14:59:03.0000000,2022-10-12T15:01:29.0000000,834
2022-10-12T14:57:46.0000000,2022-10-12T15:01:29.0000000,857
2022-10-12T14:56:40.0000000,2022-10-12T15:01:29.0000000,843
2022-10-12T14:55:24.0000000,2022-10-12T15:01:29.0000000,859
2022-10-12T14:54:10.0000000,2022-10-12T15:01:29.0000000,849
2022-10-12T14:53:04.0000000,2022-10-12T15:01:28.0000000,836
2022-10-12T14:51:47.0000000,2022-10-12T15:01:28.0000000,844
2022-10-12T14:50:41.0000000,2022-10-12T15:01:28.0000000,837
2022-10-12T14:49:24.0000000,2022-10-12T15:01:28.0000000,837
2022-10-12T14:47:01.0000000,2022-10-12T15:01:28.0000000,828
2022-10-12T14:48:08.0000000,2022-10-12T15:01:28.0000000,828
2022-10-12T14:45:46.0000000,2022-10-12T15:01:28.0000000,849
2022-10-12T14:13:22.0000000,2022-10-12T14:16:30.0000000,808
2022-10-12T14:10:59.0000000,2022-10-12T14:16:30.0000000,817
2022-10-12T14:09:42.0000000,2022-10-12T14:16:30.0000000,805
2022-10-12T14:12:05.0000000,2022-10-12T14:16:30.0000000,799
2022-10-12T14:01:21.0000000,2022-10-12T14:16:30.0000000,808
2022-10-12T14:08:34.0000000,2022-10-12T14:16:30.0000000,791
2022-10-12T14:07:16.0000000,2022-10-12T14:16:30.0000000,800
2022-10-12T13:13:15.0000000,2022-10-12T13:16:04.0000000,818
2022-10-12T13:10:51.0000000,2022-10-12T13:16:04.0000000,832
2022-10-12T13:11:58.0000000,2022-10-12T13:16:04.0000000,809
2022-10-12T13:09:34.0000000,2022-10-12T13:16:04.0000000,819
2022-10-12T13:02:26.0000000,2022-10-12T13:16:03.0000000,797
2022-10-12T13:03:31.0000000,2022-10-12T13:16:03.0000000,817
2022-10-12T13:08:27.0000000,2022-10-12T13:16:04.0000000,817
2022-10-12T13:04:47.0000000,2022-10-12T13:16:03.0000000,832
2022-10-12T13:05:53.0000000,2022-10-12T13:16:03.0000000,828
2022-10-12T13:07:10.0000000,2022-10-12T13:16:03.0000000,804
2022-10-12T13:01:09.0000000,2022-10-12T13:16:03.0000000,817
2022-10-12T12:58:46.0000000,2022-10-12T13:01:27.0000000,823
2022-10-12T12:59:52.0000000,2022-10-12T13:01:27.0000000,832
2022-10-12T12:55:09.0000000,2022-10-12T13:01:26.0000000,844
2022-10-12T12:56:26.0000000,2022-10-12T13:01:27.0000000,827
2022-10-12T12:57:31.0000000,2022-10-12T13:01:27.0000000,819
2022-10-12T12:53:52.0000000,2022-10-12T13:01:26.0000000,818
2022-10-12T12:52:46.0000000,2022-10-12T13:01:26.0000000,809
2022-10-12T12:51:30.0000000,2022-10-12T13:01:26.0000000,804
2022-10-12T12:45:33.0000000,2022-10-12T13:01:26.0000000,807
2022-10-12T12:14:07.0000000,2022-10-12T12:15:32.0000000,886
2022-10-12T12:13:00.0000000,2022-10-12T12:15:31.0000000,880
2022-10-12T12:11:45.0000000,2022-10-12T12:15:30.0000000,884
2022-10-12T12:10:40.0000000,2022-10-12T12:15:29.0000000,886
2022-10-12T12:09:21.0000000,2022-10-12T12:15:28.0000000,879
2022-10-12T12:08:04.0000000,2022-10-12T12:15:27.0000000,894
2022-10-12T12:04:35.0000000,2022-10-12T12:15:25.0000000,873
2022-10-12T12:06:57.0000000,2022-10-12T12:15:26.0000000,876
2022-10-12T12:05:41.0000000,2022-10-12T12:15:26.0000000,901
2022-10-12T12:02:00.0000000,2022-10-12T12:15:25.0000000,874
2022-10-12T12:03:17.0000000,2022-10-12T12:15:25.0000000,898
2022-10-12T12:00:54.0000000,2022-10-12T12:15:25.0000000,864
2022-10-12T11:59:39.0000000,2022-10-12T12:00:52.0000000,873
2022-10-12T11:58:34.0000000,2022-10-12T12:00:52.0000000,878
2022-10-12T11:57:17.0000000,2022-10-12T12:00:51.0000000,884
2022-10-12T11:55:59.0000000,2022-10-12T12:00:50.0000000,849
2022-10-12T11:54:53.0000000,2022-10-12T12:00:48.0000000,867
2022-10-12T11:52:32.0000000,2022-10-12T12:00:46.0000000,853
2022-10-12T11:53:37.0000000,2022-10-12T12:00:47.0000000,851
2022-10-12T11:51:16.0000000,2022-10-12T12:00:45.0000000,860
2022-10-12T11:50:01.0000000,2022-10-12T12:00:44.0000000,867
2022-10-12T11:48:55.0000000,2022-10-12T12:00:43.0000000,849
2022-10-12T11:47:38.0000000,2022-10-12T12:00:42.0000000,858
2022-10-12T11:46:33.0000000,2022-10-12T12:00:41.0000000,851
2022-10-12T11:45:17.0000000,2022-10-12T12:00:40.0000000,857
2022-10-12T11:44:01.0000000,2022-10-12T11:45:54.0000000,839
2022-10-12T11:42:55.0000000,2022-10-12T11:45:54.0000000,840
2022-10-12T11:40:33.0000000,2022-10-12T11:45:50.0000000,844
2022-10-12T11:39:16.0000000,2022-10-12T11:45:50.0000000,837
2022-10-12T11:41:38.0000000,2022-10-12T11:45:50.0000000,863
2022-10-12T11:36:54.0000000,2022-10-12T11:45:50.0000000,853
2022-10-12T11:38:00.0000000,2022-10-12T11:45:50.0000000,863
2022-10-12T11:35:36.0000000,2022-10-12T11:45:50.0000000,839
2022-10-12T11:34:31.0000000,2022-10-12T11:45:50.0000000,891
2022-10-12T11:33:13.0000000,2022-10-12T11:45:50.0000000,889
2022-10-12T11:31:58.0000000,2022-10-12T11:45:50.0000000,911
2022-10-12T11:30:53.0000000,2022-10-12T11:45:50.0000000,934
2022-10-12T10:53:24.0000000,2022-10-12T11:00:25.0000000,791
2022-10-12T10:47:24.0000000,2022-10-12T11:00:24.0000000,795
2022-10-12T10:48:41.0000000,2022-10-12T11:00:24.0000000,800
2022-10-12T10:46:10.0000000,2022-10-12T11:00:24.0000000,784
2022-10-12T10:51:04.0000000,2022-10-12T11:00:24.0000000,790
2022-10-12T10:49:46.0000000,2022-10-12T11:00:24.0000000,797
2022-10-12T10:52:10.0000000,2022-10-12T11:00:25.0000000,792
2022-10-12T10:45:03.0000000,2022-10-12T11:00:24.0000000,775
2022-10-12T10:43:47.0000000,2022-10-12T10:45:23.0000000,805
2022-10-12T10:40:09.0000000,2022-10-12T10:45:22.0000000,799
2022-10-12T10:42:41.0000000,2022-10-12T10:45:23.0000000,803
2022-10-12T10:41:24.0000000,2022-10-12T10:45:22.0000000,792
2022-10-12T10:39:03.0000000,2022-10-12T10:45:22.0000000,812
2022-10-12T10:36:42.0000000,2022-10-12T10:45:22.0000000,801
2022-10-12T10:37:47.0000000,2022-10-12T10:45:22.0000000,804
2022-10-12T10:34:08.0000000,2022-10-12T10:45:22.0000000,828
2022-10-12T10:33:01.0000000,2022-10-12T10:45:22.0000000,834
2022-10-12T10:35:25.0000000,2022-10-12T10:45:22.0000000,810
2022-10-12T10:30:40.0000000,2022-10-12T10:45:21.0000000,810
2022-10-12T10:31:46.0000000,2022-10-12T10:45:21.0000000,809
2022-10-12T10:29:21.0000000,2022-10-12T10:30:19.0000000,799
2022-10-12T10:22:08.0000000,2022-10-12T10:30:19.0000000,840
2022-10-12T10:23:23.0000000,2022-10-12T10:30:19.0000000,819
2022-10-12T10:18:40.0000000,2022-10-12T10:30:19.0000000,803
2022-10-12T10:21:03.0000000,2022-10-12T10:30:19.0000000,805
2022-10-12T10:19:45.0000000,2022-10-12T10:30:19.0000000,799
2022-10-12T10:16:08.0000000,2022-10-12T10:30:19.0000000,782
2022-10-12T10:17:22.0000000,2022-10-12T10:30:19.0000000,800
2022-10-12T10:15:03.0000000,2022-10-12T10:30:19.0000000,769
2022-10-12T10:13:45.0000000,2022-10-12T10:16:22.0000000,804
2022-10-12T10:12:40.0000000,2022-10-12T10:16:22.0000000,825
2022-10-12T10:09:01.0000000,2022-10-12T10:16:22.0000000,827
2022-10-12T10:11:23.0000000,2022-10-12T10:16:22.0000000,832
2022-10-12T10:10:08.0000000,2022-10-12T10:16:22.0000000,827
2022-10-12T10:07:45.0000000,2022-10-12T10:16:22.0000000,819
2022-10-12T10:06:41.0000000,2022-10-12T10:16:22.0000000,827
2022-10-12T10:05:23.0000000,2022-10-12T10:16:22.0000000,836
2022-10-12T10:04:09.0000000,2022-10-12T10:16:22.0000000,818
2022-10-12T10:03:04.0000000,2022-10-12T10:16:22.0000000,828
2022-10-12T10:01:46.0000000,2022-10-12T10:16:21.0000000,844
2022-10-12T10:00:41.0000000,2022-10-12T10:16:21.0000000,849
2022-10-12T09:58:10.0000000,2022-10-12T10:00:23.0000000,785
2022-10-12T09:59:24.0000000,2022-10-12T10:00:23.0000000,834
2022-10-12T09:57:05.0000000,2022-10-12T10:00:23.0000000,805
2022-10-12T09:55:47.0000000,2022-10-12T10:00:23.0000000,812
2022-10-12T09:54:42.0000000,2022-10-12T10:00:23.0000000,819
2022-10-12T09:53:24.0000000,2022-10-12T10:00:22.0000000,818
2022-10-12T09:51:05.0000000,2022-10-12T10:00:22.0000000,791
2022-10-12T09:52:10.0000000,2022-10-12T10:00:22.0000000,830
2022-10-12T09:47:25.0000000,2022-10-12T10:00:22.0000000,807
2022-10-12T09:45:06.0000000,2022-10-12T10:00:22.0000000,813
2022-10-12T09:48:42.0000000,2022-10-12T10:00:22.0000000,807
2022-10-12T09:49:47.0000000,2022-10-12T10:00:22.0000000,805
2022-10-12T09:46:11.0000000,2022-10-12T10:00:22.0000000,804
2022-10-12T09:43:48.0000000,2022-10-12T09:45:34.0000000,810
2022-10-12T09:41:25.0000000,2022-10-12T09:45:34.0000000,817
2022-10-12T09:37:46.0000000,2022-10-12T09:45:34.0000000,836
2022-10-12T09:42:42.0000000,2022-10-12T09:45:34.0000000,804
2022-10-12T09:39:04.0000000,2022-10-12T09:45:34.0000000,821
2022-10-12T09:40:10.0000000,2022-10-12T09:45:34.0000000,803
2022-10-12T09:36:41.0000000,2022-10-12T09:45:34.0000000,821
2022-10-12T09:34:05.0000000,2022-10-12T09:45:34.0000000,821
2022-10-12T09:35:23.0000000,2022-10-12T09:45:34.0000000,809
2022-10-12T09:31:42.0000000,2022-10-12T09:45:33.0000000,828
2022-10-12T09:30:37.0000000,2022-10-12T09:45:33.0000000,825
2022-10-12T09:33:00.0000000,2022-10-12T09:45:34.0000000,810
2022-10-12T08:59:07.0000000,2022-10-12T09:00:32.0000000,800
2022-10-12T08:51:52.0000000,2022-10-12T09:00:32.0000000,808
2022-10-12T08:53:09.0000000,2022-10-12T09:00:32.0000000,796
2022-10-12T08:50:47.0000000,2022-10-12T09:00:32.0000000,782
2022-10-12T08:48:25.0000000,2022-10-12T09:00:32.0000000,801
2022-10-12T08:49:30.0000000,2022-10-12T09:00:32.0000000,794
2022-10-12T08:47:09.0000000,2022-10-12T09:00:32.0000000,781
2022-10-12T08:45:51.0000000,2022-10-12T09:00:31.0000000,772
2022-10-12T08:42:22.0000000,2022-10-12T08:45:45.0000000,782
2022-10-12T08:43:27.0000000,2022-10-12T08:45:45.0000000,796
2022-10-12T08:41:06.0000000,2022-10-12T08:45:45.0000000,817
2022-10-12T08:39:48.0000000,2022-10-12T08:45:45.0000000,795
2022-10-12T08:38:43.0000000,2022-10-12T08:45:44.0000000,800
2022-10-12T08:36:10.0000000,2022-10-12T08:45:44.0000000,756
2022-10-12T08:37:26.0000000,2022-10-12T08:45:44.0000000,795
2022-10-12T08:35:05.0000000,2022-10-12T08:45:44.0000000,764
2022-10-12T08:33:47.0000000,2022-10-12T08:45:44.0000000,762
2022-10-12T08:32:42.0000000,2022-10-12T08:45:44.0000000,767
2022-10-12T08:30:09.0000000,2022-10-12T08:45:44.0000000,796
2022-10-12T08:31:24.0000000,2022-10-12T08:45:44.0000000,780
2022-10-12T07:58:56.0000000,2022-10-12T08:00:23.0000000,630
2022-10-12T07:56:35.0000000,2022-10-12T08:00:23.0000000,621
2022-10-12T07:57:40.0000000,2022-10-12T08:00:23.0000000,601
2022-10-12T07:55:19.0000000,2022-10-12T08:00:23.0000000,619
2022-10-12T07:54:02.0000000,2022-10-12T08:00:20.0000000,604
2022-10-12T07:52:57.0000000,2022-10-12T08:00:20.0000000,596
2022-10-12T07:51:40.0000000,2022-10-12T08:00:20.0000000,593
2022-10-12T07:49:18.0000000,2022-10-12T08:00:20.0000000,592
2022-10-12T07:48:01.0000000,2022-10-12T08:00:20.0000000,610
2022-10-12T07:50:35.0000000,2022-10-12T08:00:20.0000000,599
2022-10-12T07:46:56.0000000,2022-10-12T08:00:19.0000000,612
2022-10-12T07:45:38.0000000,2022-10-12T08:00:19.0000000,603
2022-10-12T07:44:33.0000000,2022-10-12T07:45:26.0000000,592
2022-10-12T07:43:16.0000000,2022-10-12T07:45:26.0000000,583
2022-10-12T07:41:58.0000000,2022-10-12T07:45:25.0000000,570
2022-10-12T07:40:52.0000000,2022-10-12T07:45:25.0000000,556
2022-10-12T07:37:17.0000000,2022-10-12T07:45:25.0000000,554
2022-10-12T07:39:36.0000000,2022-10-12T07:45:25.0000000,564
2022-10-12T07:38:30.0000000,2022-10-12T07:45:25.0000000,554
2022-10-12T07:36:00.0000000,2022-10-12T07:45:25.0000000,571
2022-10-12T07:34:55.0000000,2022-10-12T07:45:25.0000000,575
2022-10-12T07:31:16.0000000,2022-10-12T07:45:25.0000000,564
2022-10-12T07:33:37.0000000,2022-10-12T07:45:25.0000000,560
2022-10-12T07:32:32.0000000,2022-10-12T07:45:25.0000000,571
2022-10-12T07:28:54.0000000,2022-10-12T07:30:21.0000000,562
2022-10-12T07:27:36.0000000,2022-10-12T07:30:20.0000000,601
2022-10-12T07:23:57.0000000,2022-10-12T07:30:20.0000000,595
2022-10-12T07:25:14.0000000,2022-10-12T07:30:20.0000000,621
2022-10-12T07:26:31.0000000,2022-10-12T07:30:20.0000000,617
2022-10-12T07:22:52.0000000,2022-10-12T07:30:20.0000000,601
2022-10-12T07:21:35.0000000,2022-10-12T07:30:20.0000000,621
2022-10-12T07:20:30.0000000,2022-10-12T07:30:20.0000000,616
2022-10-12T07:19:13.0000000,2022-10-12T07:30:20.0000000,612
2022-10-12T07:16:51.0000000,2022-10-12T07:30:20.0000000,574
2022-10-12T07:17:56.0000000,2022-10-12T07:30:20.0000000,582
2022-10-12T07:15:34.0000000,2022-10-12T07:30:20.0000000,578
2022-10-12T07:11:55.0000000,2022-10-12T07:16:19.0000000,573
2022-10-12T07:13:12.0000000,2022-10-12T07:16:19.0000000,575
2022-10-12T07:10:50.0000000,2022-10-12T07:16:19.0000000,578
2022-10-12T07:09:34.0000000,2022-10-12T07:16:19.0000000,563
2022-10-12T07:07:11.0000000,2022-10-12T07:16:19.0000000,567
2022-10-12T07:05:54.0000000,2022-10-12T07:16:19.0000000,552
2022-10-12T07:08:27.0000000,2022-10-12T07:16:19.0000000,572
2022-10-12T07:04:49.0000000,2022-10-12T07:16:18.0000000,543
2022-10-12T07:03:33.0000000,2022-10-12T07:16:18.0000000,546
2022-10-12T07:02:27.0000000,2022-10-12T07:16:18.0000000,559
2022-10-12T07:01:11.0000000,2022-10-12T07:16:18.0000000,543
2022-10-12T06:58:49.0000000,2022-10-12T07:00:23.0000000,531
2022-10-12T06:56:28.0000000,2022-10-12T07:00:23.0000000,538
2022-10-12T06:57:34.0000000,2022-10-12T07:00:23.0000000,554
2022-10-12T06:52:50.0000000,2022-10-12T07:00:23.0000000,527
2022-10-12T06:51:34.0000000,2022-10-12T07:00:22.0000000,529
2022-10-12T06:55:12.0000000,2022-10-12T07:00:23.0000000,542
2022-10-12T06:53:55.0000000,2022-10-12T07:00:23.0000000,521
2022-10-12T06:49:11.0000000,2022-10-12T07:00:22.0000000,540
2022-10-12T06:47:54.0000000,2022-10-12T07:00:22.0000000,535
2022-10-12T06:50:28.0000000,2022-10-12T07:00:22.0000000,532
2022-10-12T06:46:49.0000000,2022-10-12T07:00:22.0000000,526
2022-10-12T06:45:33.0000000,2022-10-12T07:00:22.0000000,516
2022-10-12T06:43:11.0000000,2022-10-12T06:45:28.0000000,523
2022-10-12T06:39:34.0000000,2022-10-12T06:45:28.0000000,511
2022-10-12T06:41:54.0000000,2022-10-12T06:45:28.0000000,508
2022-10-12T06:40:49.0000000,2022-10-12T06:45:28.0000000,515
2022-10-12T06:38:28.0000000,2022-10-12T06:45:27.0000000,507
2022-10-12T06:37:13.0000000,2022-10-12T06:45:27.0000000,532
2022-10-12T06:30:05.0000000,2022-10-12T06:45:27.0000000,497
2022-10-12T06:35:57.0000000,2022-10-12T06:45:27.0000000,503
2022-10-12T05:59:02.0000000,2022-10-12T06:00:20.0000000,459
2022-10-12T05:57:45.0000000,2022-10-12T06:00:20.0000000,462
2022-10-12T05:56:40.0000000,2022-10-12T06:00:20.0000000,460
2022-10-12T05:54:07.0000000,2022-10-12T06:00:20.0000000,451
2022-10-12T05:55:22.0000000,2022-10-12T06:00:20.0000000,457
2022-10-12T05:53:01.0000000,2022-10-12T06:00:20.0000000,441
2022-10-12T05:51:45.0000000,2022-10-12T06:00:19.0000000,464
2022-10-12T05:50:40.0000000,2022-10-12T06:00:19.0000000,453
2022-10-12T05:49:22.0000000,2022-10-12T06:00:19.0000000,458
2022-10-12T05:47:00.0000000,2022-10-12T06:00:19.0000000,459
2022-10-12T05:48:06.0000000,2022-10-12T06:00:19.0000000,442
2022-10-12T05:45:44.0000000,2022-10-12T06:00:19.0000000,454
2022-10-12T05:43:22.0000000,2022-10-12T05:45:25.0000000,443
2022-10-12T05:42:05.0000000,2022-10-12T05:45:25.0000000,459
2022-10-12T05:40:57.0000000,2022-10-12T05:45:24.0000000,465
2022-10-12T05:38:36.0000000,2022-10-12T05:45:24.0000000,465
2022-10-12T05:37:19.0000000,2022-10-12T05:45:24.0000000,448
2022-10-12T05:39:41.0000000,2022-10-12T05:45:24.0000000,460
2022-10-12T05:36:05.0000000,2022-10-12T05:45:24.0000000,456
2022-10-12T05:34:59.0000000,2022-10-12T05:45:24.0000000,450
2022-10-12T05:32:39.0000000,2022-10-12T05:45:24.0000000,449
2022-10-12T05:33:44.0000000,2022-10-12T05:45:24.0000000,457
2022-10-12T05:30:04.0000000,2022-10-12T05:45:24.0000000,453
2022-10-12T05:31:22.0000000,2022-10-12T05:45:24.0000000,459
2022-10-12T05:28:58.0000000,2022-10-12T05:31:15.0000000,450
2022-10-12T05:27:42.0000000,2022-10-12T05:31:15.0000000,457
2022-10-12T05:24:04.0000000,2022-10-12T05:31:15.0000000,449
2022-10-12T05:26:37.0000000,2022-10-12T05:31:15.0000000,448
2022-10-12T05:25:19.0000000,2022-10-12T05:31:15.0000000,456
2022-10-12T05:18:05.0000000,2022-10-12T05:31:15.0000000,464
2022-10-12T05:20:37.0000000,2022-10-12T05:31:15.0000000,456
2022-10-12T05:21:42.0000000,2022-10-12T05:31:15.0000000,439
2022-10-12T05:22:59.0000000,2022-10-12T05:31:15.0000000,451
2022-10-12T05:19:20.0000000,2022-10-12T05:31:15.0000000,457
2022-10-12T05:17:00.0000000,2022-10-12T05:31:15.0000000,461
2022-10-12T05:15:43.0000000,2022-10-12T05:31:15.0000000,440
2022-10-12T04:43:33.0000000,2022-10-12T04:45:22.0000000,453
2022-10-12T04:42:27.0000000,2022-10-12T04:45:22.0000000,450
2022-10-12T04:39:56.0000000,2022-10-12T04:45:22.0000000,457
2022-10-12T04:41:12.0000000,2022-10-12T04:45:22.0000000,463
2022-10-12T04:38:51.0000000,2022-10-12T04:45:22.0000000,448
2022-10-12T04:37:35.0000000,2022-10-12T04:45:22.0000000,463
2022-10-12T04:36:29.0000000,2022-10-12T04:45:22.0000000,452
2022-10-12T04:35:14.0000000,2022-10-12T04:45:22.0000000,466
2022-10-12T04:33:57.0000000,2022-10-12T04:45:22.0000000,442
2022-10-12T04:32:52.0000000,2022-10-12T04:45:22.0000000,458
2022-10-12T04:31:37.0000000,2022-10-12T04:45:22.0000000,445
2022-10-12T04:30:31.0000000,2022-10-12T04:45:21.0000000,458
2022-10-12T04:29:16.0000000,2022-10-12T04:30:22.0000000,468
2022-10-12T04:28:00.0000000,2022-10-12T04:30:22.0000000,455
2022-10-12T04:26:55.0000000,2022-10-12T04:30:22.0000000,449
2022-10-12T04:25:39.0000000,2022-10-12T04:30:22.0000000,449
2022-10-12T04:24:33.0000000,2022-10-12T04:30:22.0000000,464
2022-10-12T04:21:59.0000000,2022-10-12T04:30:22.0000000,450
2022-10-12T04:23:17.0000000,2022-10-12T04:30:22.0000000,466
2022-10-12T04:18:33.0000000,2022-10-12T04:30:22.0000000,460
2022-10-12T04:20:54.0000000,2022-10-12T04:30:22.0000000,470
2022-10-12T04:19:39.0000000,2022-10-12T04:30:22.0000000,461
2022-10-12T04:17:17.0000000,2022-10-12T04:30:21.0000000,460
2022-10-12T04:16:02.0000000,2022-10-12T04:30:21.0000000,460
2022-10-12T04:13:40.0000000,2022-10-12T04:15:21.0000000,460
2022-10-12T04:12:33.0000000,2022-10-12T04:15:21.0000000,466
2022-10-12T04:10:03.0000000,2022-10-12T04:15:21.0000000,467
2022-10-12T04:08:55.0000000,2022-10-12T04:15:21.0000000,453
2022-10-12T04:07:39.0000000,2022-10-12T04:15:21.0000000,463
2022-10-12T04:11:17.0000000,2022-10-12T04:15:21.0000000,457
2022-10-12T04:06:33.0000000,2022-10-12T04:15:20.0000000,459
2022-10-12T04:04:03.0000000,2022-10-12T04:15:20.0000000,466
2022-10-12T04:01:42.0000000,2022-10-12T04:15:20.0000000,453
2022-10-12T04:02:56.0000000,2022-10-12T04:15:20.0000000,457
2022-10-12T04:05:17.0000000,2022-10-12T04:15:20.0000000,472
2022-10-12T04:00:35.0000000,2022-10-12T04:15:20.0000000,467
2022-10-12T03:59:20.0000000,2022-10-12T04:01:15.0000000,468
2022-10-12T03:58:06.0000000,2022-10-12T04:01:15.0000000,449
2022-10-12T03:56:59.0000000,2022-10-12T04:01:15.0000000,455
2022-10-12T03:54:38.0000000,2022-10-12T04:01:15.0000000,457
2022-10-12T03:53:23.0000000,2022-10-12T04:01:15.0000000,449
2022-10-12T03:55:45.0000000,2022-10-12T04:01:15.0000000,452
2022-10-12T03:52:08.0000000,2022-10-12T04:01:15.0000000,470
2022-10-12T03:51:02.0000000,2022-10-12T04:01:14.0000000,456
2022-10-12T03:48:41.0000000,2022-10-12T04:01:14.0000000,461
2022-10-12T03:49:46.0000000,2022-10-12T04:01:14.0000000,458
2022-10-12T03:46:10.0000000,2022-10-12T04:01:14.0000000,452
2022-10-12T03:47:24.0000000,2022-10-12T04:01:14.0000000,442
2022-10-12T03:45:02.0000000,2022-10-12T04:01:14.0000000,457
2022-10-12T03:34:10.0000000,2022-10-12T03:45:21.0000000,461
2022-10-12T03:33:04.0000000,2022-10-12T03:45:21.0000000,456
2022-10-12T03:30:41.0000000,2022-10-12T03:45:20.0000000,455
2022-10-12T03:31:46.0000000,2022-10-12T03:45:21.0000000,458
2022-10-12T03:28:05.0000000,2022-10-12T03:30:24.0000000,456
2022-10-12T03:26:58.0000000,2022-10-12T03:30:24.0000000,457
2022-10-12T03:25:41.0000000,2022-10-12T03:30:23.0000000,466
2022-10-12T03:24:36.0000000,2022-10-12T03:30:23.0000000,461
2022-10-12T03:22:00.0000000,2022-10-12T03:30:23.0000000,456
2022-10-12T03:23:18.0000000,2022-10-12T03:30:23.0000000,468
2022-10-12T03:20:54.0000000,2022-10-12T03:30:23.0000000,448
2022-10-12T03:17:12.0000000,2022-10-12T03:30:23.0000000,461
2022-10-12T03:18:31.0000000,2022-10-12T03:30:23.0000000,455
2022-10-12T03:19:36.0000000,2022-10-12T03:30:23.0000000,457
2022-10-12T03:15:55.0000000,2022-10-12T03:30:23.0000000,452
2022-10-12T03:14:49.0000000,2022-10-12T03:15:38.0000000,448
2022-10-12T03:13:28.0000000,2022-10-12T03:15:38.0000000,448
2022-10-12T03:07:29.0000000,2022-10-12T03:15:37.0000000,460
2022-10-12T03:06:24.0000000,2022-10-12T03:15:37.0000000,464
2022-10-12T03:05:06.0000000,2022-10-12T03:15:37.0000000,453
2022-10-12T03:02:42.0000000,2022-10-12T03:15:37.0000000,452
2022-10-12T03:03:48.0000000,2022-10-12T03:15:37.0000000,442
2022-10-12T03:01:25.0000000,2022-10-12T03:15:37.0000000,463
2022-10-12T03:00:11.0000000,2022-10-12T03:15:37.0000000,452
2022-10-12T02:43:23.0000000,2022-10-12T02:45:29.0000000,457
2022-10-12T02:42:06.0000000,2022-10-12T02:45:29.0000000,456
2022-10-12T02:40:59.0000000,2022-10-12T02:45:29.0000000,460
2022-10-12T02:38:36.0000000,2022-10-12T02:45:29.0000000,452
2022-10-12T02:39:43.0000000,2022-10-12T02:45:29.0000000,464
2022-10-12T02:37:20.0000000,2022-10-12T02:45:29.0000000,461
2022-10-12T02:36:03.0000000,2022-10-12T02:45:29.0000000,452
2022-10-12T02:33:40.0000000,2022-10-12T02:45:29.0000000,464
2022-10-12T02:32:34.0000000,2022-10-12T02:45:29.0000000,455
2022-10-12T02:34:57.0000000,2022-10-12T02:45:29.0000000,456
2022-10-12T02:31:18.0000000,2022-10-12T02:45:29.0000000,452
2022-10-12T02:25:22.0000000,2022-10-12T02:30:24.0000000,457
2022-10-12T02:24:06.0000000,2022-10-12T02:30:24.0000000,457
2022-10-12T02:23:00.0000000,2022-10-12T02:30:24.0000000,456
2022-10-12T02:21:44.0000000,2022-10-12T02:30:24.0000000,463
2022-10-12T02:20:39.0000000,2022-10-12T02:30:24.0000000,450
2022-10-12T02:19:22.0000000,2022-10-12T02:30:24.0000000,461
2022-10-12T02:18:07.0000000,2022-10-12T02:30:24.0000000,448
2022-10-12T02:15:46.0000000,2022-10-12T02:30:24.0000000,449
2022-10-12T02:17:01.0000000,2022-10-12T02:30:24.0000000,467
2022-10-12T02:13:23.0000000,2022-10-12T02:16:32.0000000,452
2022-10-12T02:12:08.0000000,2022-10-12T02:16:32.0000000,474
2022-10-12T02:11:02.0000000,2022-10-12T02:16:32.0000000,468
2022-10-12T02:09:46.0000000,2022-10-12T02:16:32.0000000,482
2022-10-12T02:06:09.0000000,2022-10-12T02:16:32.0000000,449
2022-10-12T02:08:39.0000000,2022-10-12T02:16:32.0000000,476
2022-10-12T02:07:23.0000000,2022-10-12T02:16:32.0000000,482
2022-10-12T02:05:03.0000000,2022-10-12T02:16:31.0000000,486
2022-10-12T02:00:34.0000000,2022-10-12T02:16:31.0000000,470
2022-10-12T02:02:41.0000000,2022-10-12T02:16:31.0000000,479
2022-10-12T02:03:47.0000000,2022-10-12T02:16:31.0000000,480
2022-10-12T01:43:44.0000000,2022-10-12T01:45:20.0000000,490
2022-10-12T01:33:08.0000000,2022-10-12T01:45:20.0000000,468
2022-10-12T01:31:51.0000000,2022-10-12T01:45:19.0000000,463
2022-10-12T01:30:44.0000000,2022-10-12T01:45:19.0000000,468
2022-10-12T01:22:25.0000000,2022-10-12T01:30:20.0000000,456
2022-10-12T01:23:33.0000000,2022-10-12T01:30:20.0000000,467
2022-10-12T01:24:48.0000000,2022-10-12T01:30:20.0000000,461
2022-10-12T01:11:38.0000000,2022-10-12T01:15:31.0000000,442
2022-10-12T01:10:33.0000000,2022-10-12T01:15:31.0000000,459
2022-10-12T01:09:17.0000000,2022-10-12T01:15:31.0000000,450
2022-10-12T01:03:20.0000000,2022-10-12T01:15:30.0000000,461
2022-10-12T01:02:14.0000000,2022-10-12T01:15:30.0000000,448
2022-10-12T01:00:55.0000000,2022-10-12T01:15:30.0000000,445
2022-10-12T00:44:10.0000000,2022-10-12T00:45:29.0000000,463
2022-10-12T00:42:51.0000000,2022-10-12T00:45:29.0000000,461
2022-10-12T00:36:51.0000000,2022-10-12T00:45:29.0000000,463
2022-10-12T00:35:34.0000000,2022-10-12T00:45:29.0000000,456
2022-10-12T00:34:26.0000000,2022-10-12T00:45:29.0000000,448
2022-10-12T00:23:35.0000000,2022-10-12T00:30:23.0000000,444
2022-10-12T00:17:37.0000000,2022-10-12T00:30:23.0000000,456
2022-10-12T00:16:30.0000000,2022-10-12T00:30:23.0000000,457
2022-10-12T00:05:43.0000000,2022-10-12T00:15:25.0000000,455
2022-10-12T00:04:38.0000000,2022-10-12T00:15:25.0000000,447
2022-10-12T00:00:55.0000000,2022-10-12T00:15:25.0000000,452
2022-10-12T00:02:13.0000000,2022-10-12T00:15:25.0000000,441
2022-10-12T00:03:19.0000000,2022-10-12T00:15:25.0000000,441
2022-10-11T23:59:36.0000000,2022-10-12T00:01:18.0000000,458
2022-10-11T23:58:31.0000000,2022-10-12T00:01:18.0000000,452
2022-10-11T23:57:13.0000000,2022-10-12T00:01:18.0000000,458
2022-10-11T23:47:38.0000000,2022-10-12T00:01:17.0000000,438
2022-10-11T23:48:55.0000000,2022-10-12T00:01:18.0000000,453
2022-10-11T23:54:53.0000000,2022-10-12T00:01:18.0000000,450
2022-10-11T23:56:07.0000000,2022-10-12T00:01:18.0000000,457
2022-10-11T23:46:33.0000000,2022-10-12T00:01:17.0000000,463